Column2.2	Column2.3
CRCW060349R9FKT	R1720
CRCW060349R9FKT	R1718
CRCW060349R9FKT	R1717
CRCW060349R9FKT	R369
CRCW060349R9FKT	R108
CRCW040227R4FKT	R1736
CRCW040227R4FKT	R1735
CRCW040227R4FKT	R1734
CRCW040227R4FKT	R1733
CRCW040227R4FKT	R1732
CRCW040227R4FKT	R1731
CRCW040227R4FKT	R1730
CRCW040227R4FKT	R1729
CRCW040227R4FKT	R1721
CRCW040227R4FKT	R1715
CRCW040227R4FKT	R1455
CRCW040227R4FKT	R1454
CRCW040227R4FKT	R1453
CRCW040227R4FKT	R1452
CRCW040227R4FKT	R1438
CRCW040227R4FKT	R1436
CRCW040227R4FKT	R1435
CRCW040227R4FKT	R1256
CRCW040227R4FKT	R1247
CRCW040227R4FKT	R1246
CRCW040227R4FKT	R1082
CRCW040227R4FKT	R1068
CRCW040227R4FKT	R1067
CRCW040227R4FKT	R1057
CRCW040227R4FKT	R1056
CRCW040227R4FKT	R1045
CRCW040227R4FKT	R1044
CRCW040227R4FKT	R1042
CRCW040227R4FKT	R1041
CRCW040227R4FKT	R1027
CRCW040227R4FKT	R1026
CRCW040227R4FKT	R1025
CRCW040227R4FKT	R1020
CRCW040227R4FKT	R1019
CRCW040227R4FKT	R803
CRCW040227R4FKT	R802
CRCW040227R4FKT	R535
CRCW040227R4FKT	R526
CRCW040227R4FKT	R492
CRCW040227R4FKT	R490
CRCW040227R4FKT	R489
CRCW040227R4FKT	R486
CRCW040227R4FKT	R485
CRCW040227R4FKT	R484
CRCW040227R4FKT	R483
CRCW040227R4FKT	R480
CRCW040227R4FKT	R479
CRCW040227R4FKT	R478
CRCW040227R4FKT	R477
CRCW040227R4FKT	R476
CRCW040227R4FKT	R472
CRCW040227R4FKT	R471
CRCW040227R4FKT	R470
CRCW040227R4FKT	R469
CRCW040227R4FKT	R463
CRCW040227R4FKT	R462
CRCW040227R4FKT	R461
CRCW040227R4FKT	R460
CRCW040227R4FKT	R458
CRCW040227R4FKT	R457
CRCW040227R4FKT	R450
CRCW040227R4FKT	R449
CRCW040227R4FKT	R448
CRCW040227R4FKT	R447
CRCW040227R4FKT	R441
CRCW040227R4FKT	R440
CRCW040227R4FKT	R439
CRCW040227R4FKT	R438
CRCW040227R4FKT	R429
CRCW040227R4FKT	R428
CRCW040227R4FKT	R427
CRCW040227R4FKT	R426
CRCW040227R4FKT	R423
CRCW040227R4FKT	R422
CRCW040227R4FKT	R421
CRCW040227R4FKT	R420
CRCW040227R4FKT	R419
CRCW040227R4FKT	R418
CRCW040227R4FKT	R417
CRCW040227R4FKT	R416
CRCW040227R4FKT	R400
CRCW040227R4FKT	R399
CRCW040227R4FKT	R398
CRCW040227R4FKT	R397
CRCW040227R4FKT	R393
CRCW040227R4FKT	R392
CRCW040227R4FKT	R390
CRCW040227R4FKT	R389
CRCW040227R4FKT	R388
CRCW040227R4FKT	R387
CRCW040227R4FKT	R386
CRCW040227R4FKT	R385
CRCW040227R4FKT	R384
CRCW040227R4FKT	R383
CRCW040227R4FKT	R356
CRCW040227R4FKT	R355
CRCW040227R4FKT	R354
CRCW040227R4FKT	R353
CRCW040227R4FKT	R350
CRCW040227R4FKT	R349
CRCW040227R4FKT	R348
CRCW040227R4FKT	R347
CRCW040227R4FKT	R346
CRCW040227R4FKT	R345
CRCW040227R4FKT	R344
CRCW040227R4FKT	R339
CRCW040227R4FKT	R338
CRCW040227R4FKT	R336
CRCW040227R4FKT	R335
CRCW040227R4FKT	R331
CRCW040227R4FKT	R324
CRCW040227R4FKT	R323
CRCW040227R4FKT	R322
CRCW040227R4FKT	R315
CRCW040227R4FKT	R314
CRCW040227R4FKT	R313
CRCW040227R4FKT	R312
CRCW040227R4FKT	R311
CRCW040227R4FKT	R310
CRCW040227R4FKT	R309
CRCW040227R4FKT	R308
CRCW040227R4FKT	R307
CRCW040227R4FKT	R306
CRCW040227R4FKT	R305
CRCW040227R4FKT	R304
CRCW040227R4FKT	R303
CRCW040227R4FKT	R302
CRCW040227R4FKT	R301
CRCW040227R4FKT	R289
CRCW040227R4FKT	R288
CRCW040227R4FKT	R286
CRCW040227R4FKT	R285
CRCW040227R4FKT	R283
CRCW040227R4FKT	R282
CRCW040227R4FKT	R281
CRCW040227R4FKT	R280
CRCW040227R4FKT	R279
CRCW040227R4FKT	R278
CRCW040227R4FKT	R275
CRCW040227R4FKT	R269
CRCW040227R4FKT	R268
CRCW040227R4FKT	R267
CRCW040227R4FKT	R266
CRCW040227R4FKT	R265
CRCW040227R4FKT	R264
CRCW040227R4FKT	R263
CRCW040227R4FKT	R262
CRCW040227R4FKT	R260
CRCW040227R4FKT	R259
CRCW040227R4FKT	R251
CRCW040227R4FKT	R250
CRCW040227R4FKT	R249
CRCW040227R4FKT	R248
CRCW040227R4FKT	R247
CRCW040227R4FKT	R246
CRCW040227R4FKT	R245
CRCW040227R4FKT	R244
CRCW040227R4FKT	R238
CRCW040227R4FKT	R237
CRCW040227R4FKT	R236
CRCW040227R4FKT	R235
CRCW040227R4FKT	R234
CRCW040227R4FKT	R233
CRCW040227R4FKT	R232
CRCW040227R4FKT	R231
CRCW040227R4FKT	R230
CRCW040227R4FKT	R229
CRCW040227R4FKT	R228
CRCW040227R4FKT	R227
CRCW040227R4FKT	R226
CRCW040227R4FKT	R221
CRCW040227R4FKT	R220
CRCW040227R4FKT	R219
CRCW040227R4FKT	R218
CRCW040227R4FKT	R217
CRCW040227R4FKT	R216
CRCW040227R4FKT	R215
CRCW040227R4FKT	R214
CRCW040227R4FKT	R213
CRCW040227R4FKT	R212
CRCW040227R4FKT	R211
CRCW040227R4FKT	R210
CRCW040227R4FKT	R202
CRCW040227R4FKT	R201
CRCW040227R4FKT	R200
CRCW040227R4FKT	R199
CRCW040227R4FKT	R198
CRCW040227R4FKT	R197
CRCW040227R4FKT	R196
CRCW040227R4FKT	R193
CRCW040227R4FKT	R144
CRCW040227R4FKT	R143
CRCW040227R4FKT	R142
CRCW040227R4FKT	R141
CRCW040227R4FKT	R140
CRCW040227R4FKT	R139
CRCW040227R4FKT	R138
CRCW040227R4FKT	R137
CRCW040227R4FKT	R136
CRCW040227R4FKT	R135
CRCW040227R4FKT	R134
CRCW040227R4FKT	R132
CRCW040227R4FKT	R131
CRCW040227R4FKT	R130
CRCW040227R4FKT	R128
CRCW040227R4FKT	R127
CRCW040227R4FKT	R126
CRCW040227R4FKT	R123
CRCW040227R4FKT	R122
CRCW040227R4FKT	R121
CRCW040227R4FKT	R120
CRCW040227R4FKT	R119
CRCW040227R4FKT	R116
CRCW040227R4FKT	R115
CRCW040227R4FKT	R114
CRCW040227R4FKT	R113
CRCW040227R4FKT	R112
CRCW040227R4FKT	R111
CRCW040227R4FKT	R110
CRCW040227R4FKT	R109
CRCW040227R4FKT	R84
CRCW040227R4FKT	R83
CRCW040227R4FKT	R82
CRCW040227R4FKT	R81
CRCW040227R4FKT	R80
CRCW040227R4FKT	R79
CRCW040227R4FKT	R78
CRCW040227R4FKT	R77
CRCW040227R4FKT	R75
CRCW040227R4FKT	R65
CRCW040227R4FKT	R64
CRCW040227R4FKT	R63
CRCW040227R4FKT	R62
CRCW040227R4FKT	R61
CRCW040227R4FKT	R60
CRCW040227R4FKT	R59
CRCW040227R4FKT	R58
CRCW040227R4FKT	R55
CRCW040227R4FKT	R54
CRCW040227R4FKT	R52
CRCW040227R4FKT	R51
CRCW040227R4FKT	R48
CRCW040227R4FKT	R47
CRCW040227R4FKT	R43
CRCW040227R4FKT	R42
CRCW040227R4FKT	R38
CRCW040227R4FKT	R37
CRCW040227R4FKT	R36
CRCW040227R4FKT	R35
CRCW040227R4FKT	R31
CRCW040227R4FKT	R30
CRCW040227R4FKT	R29
CRCW040227R4FKT	R28
CRCW040227R4FKT	R23
CRCW040227R4FKT	R22
CRCW040227R4FKT	R21
CRCW040227R4FKT	R20
CRCW040227R4FKT	R17
CRCW040227R4FKT	R16
CRCW040227R4FKT	R4
CRCW040227R4FKT	R3
CRCW06030000Z0EAHP	R1457
CRCW06030000Z0EAHP	R1456
CRCW06030000Z0EAHP	R1264
CRCW06030000Z0EAHP	R1233
CRCW06030000Z0EAHP	R1107
CRCW06030000Z0EAHP	R1084
C0805X106J8RACAUTO	C1700
C0805X106J8RACAUTO	C1534
C0805X106J8RACAUTO	C1507
C0805X106J8RACAUTO	C1498
C0805X106J8RACAUTO	C1497
C0805X106J8RACAUTO	C1474
C0805X106J8RACAUTO	C1473
C0805X106J8RACAUTO	C1442
C0805X106J8RACAUTO	C1441
C0805X106J8RACAUTO	C1439
C0805X106J8RACAUTO	C1438
C0805X106J8RACAUTO	C1437
C0805X106J8RACAUTO	C1432
C0805X106J8RACAUTO	C1431
C0805X106J8RACAUTO	C1430
C0805X106J8RACAUTO	C1429
C0805X106J8RACAUTO	C1428
C0805X106J8RACAUTO	C1403
C0805X106J8RACAUTO	C1402
C0805X106J8RACAUTO	C1401
C0805X106J8RACAUTO	C1381
C0805X106J8RACAUTO	C1379
C0805X106J8RACAUTO	C1378
C0805X106J8RACAUTO	C1369
C0805X106J8RACAUTO	C1368
C0805X106J8RACAUTO	C1367
C0805X106J8RACAUTO	C1366
C0805X106J8RACAUTO	C1365
C0805X106J8RACAUTO	C1364
C0805X106J8RACAUTO	C1328
C0805X106J8RACAUTO	C1327
C0805X106J8RACAUTO	C1325
C0805X106J8RACAUTO	C1324
C0805X106J8RACAUTO	C1323
C0805X106J8RACAUTO	C1302
C0805X106J8RACAUTO	C717
C0805X106J8RACAUTO	C700
C0805X106J8RACAUTO	C699
C0805X106J8RACAUTO	C694
C0805X106J8RACAUTO	C693
C0805X106J8RACAUTO	C692
C0805X106J8RACAUTO	C670
C0805X106J8RACAUTO	C634
C0805X106J8RACAUTO	C562
C0805X106J8RACAUTO	C561
C0805X106J8RACAUTO	C532
C0805X106J8RACAUTO	C531
C0805X106J8RACAUTO	C528
C0805X106J8RACAUTO	C527
C0805X106J8RACAUTO	C507
C0805X106J8RACAUTO	C503
C0805X106J8RACAUTO	C485
C0805X106J8RACAUTO	C460
C0805X106J8RACAUTO	C455
C0805X106J8RACAUTO	C454
C0805X106J8RACAUTO	C453
C0805X106J8RACAUTO	C452
C0805X106J8RACAUTO	C447
C0805X106J8RACAUTO	C446
C0805X106J8RACAUTO	C444
C0805X106J8RACAUTO	C429
C0805X106J8RACAUTO	C428
C0805X106J8RACAUTO	C377
C0805X106J8RACAUTO	C351
C0805X106J8RACAUTO	C343
C0805X106J8RACAUTO	C323
C0805X106J8RACAUTO	C315
C0805X106J8RACAUTO	C314
C0805X106J8RACAUTO	C291
C0805X106J8RACAUTO	C273
C0805X106J8RACAUTO	C267
C0805X106J8RACAUTO	C266
C0805X106J8RACAUTO	C261
C0805X106J8RACAUTO	C185
C0805X106J8RACAUTO	C184
C0805X106J8RACAUTO	C183
C0805X106J8RACAUTO	C182
C0805X106J8RACAUTO	C181
C0805X106J8RACAUTO	C180
C0805X106J8RACAUTO	C178
C0805X106J8RACAUTO	C164
C0805X106J8RACAUTO	C145
C0805X106J8RACAUTO	C144
C0805X106J8RACAUTO	C138
C0805X106J8RACAUTO	C132
C0805X106J8RACAUTO	C98
C0805X106J8RACAUTO	C95
C0805X106J8RACAUTO	C89
C0805X106J8RACAUTO	C80
C0805X106J8RACAUTO	C79
C0805X106J8RACAUTO	C78
C0805X106J8RACAUTO	C54
C0805X106J8RACAUTO	C51
9311-60295	J55
9311-60295	J54
9311-60295	J53
9311-60295	J52
9311-60295	J51
9311-60295	J50
9311-60295	J49
9311-60295	J48
9311-60295	J47
9311-60295	J46
9311-60295	J45
9311-60295	J44
9311-60295	J43
9311-60295	J42
9311-60295	J41
9311-60295	J40
TNPW06037K50BEEA	R1701
TNPW06037K50BEEA	R464
600L270FW200T	C1675
600L270FW200T	C1674
600L270FW200T	C1673
600L270FW200T	C1672
600L270FW200T	C1671
600L270FW200T	C1670
600L270FW200T	C1669
600L270FW200T	C1668
600L270FW200T	C1667
600L270FW200T	C1666
600L270FW200T	C1665
600L270FW200T	C1664
600L270FW200T	C1663
600L270FW200T	C1662
600L270FW200T	C1661
600L270FW200T	C1660
600L270FW200T	C1659
600L270FW200T	C1658
600L270FW200T	C1657
600L270FW200T	C1656
600L270FW200T	C1641
600L270FW200T	C1640
600L270FW200T	C1639
600L270FW200T	C1638
600L270FW200T	C1637
600L270FW200T	C1636
600L270FW200T	C1635
600L270FW200T	C1634
600L270FW200T	C1633
600L270FW200T	C1632
600L270FW200T	C1631
600L270FW200T	C1630
600L270FW200T	C1625
600L270FW200T	C1624
600L270FW200T	C1623
600L270FW200T	C1622
600L270FW200T	C1621
600L270FW200T	C1619
600L270FW200T	C1617
600L270FW200T	C1615
600L270FW200T	C1613
600L270FW200T	C1612
600L270FW200T	C1611
600L270FW200T	C1610
600L270FW200T	C1609
600L270FW200T	C1608
600L270FW200T	C1607
600L270FW200T	C1606
600L270FW200T	C1605
600L270FW200T	C1604
600L270FW200T	C1603
600L270FW200T	C1602
600L270FW200T	C1597
600L270FW200T	C1596
600L270FW200T	C1595
600L270FW200T	C1594
600L270FW200T	C1593
600L270FW200T	C1592
600L270FW200T	C1591
600L270FW200T	C1590
600L270FW200T	C1577
600L270FW200T	C1576
600L270FW200T	C1575
600L270FW200T	C1574
600L270FW200T	C1573
600L270FW200T	C1572
600L270FW200T	C1571
600L270FW200T	C1570
600L270FW200T	C1569
600L270FW200T	C1568
600L270FW200T	C1567
600L270FW200T	C1566
600L270FW200T	C1561
600L270FW200T	C1560
600L270FW200T	C1559
600L270FW200T	C1558
600L270FW200T	C1557
600L270FW200T	C1555
600L270FW200T	C1553
600L270FW200T	C1551
600L270FW200T	C1530
600L270FW200T	C1524
600L270FW200T	C1519
600L270FW200T	C1514
600L270FW200T	C1495
600L270FW200T	C1494
600L270FW200T	C1493
600L270FW200T	C1492
600L270FW200T	C1491
600L270FW200T	C1490
600L270FW200T	C1489
600L270FW200T	C1488
600L270FW200T	C1458
600L270FW200T	C1453
600L270FW200T	C1449
600L270FW200T	C1444
600L270FW200T	C1423
600L270FW200T	C1422
600L270FW200T	C1421
600L270FW200T	C1420
600L270FW200T	C1400
600L270FW200T	C1398
600L270FW200T	C1396
600L270FW200T	C1394
600L270FW200T	C1392
600L270FW200T	C1388
600L270FW200T	C1386
600L270FW200T	C1382
600L270FW200T	C1362
600L270FW200T	C1361
600L270FW200T	C1360
600L270FW200T	C1359
600L270FW200T	C1358
600L270FW200T	C1357
600L270FW200T	C1356
600L270FW200T	C1355
600L270FW200T	C1349
600L270FW200T	C1338
600L270FW200T	C1308
600L270FW200T	C1306
600L270FW200T	C1296
600L270FW200T	C1295
600L270FW200T	C1294
600L270FW200T	C1293
600L270FW200T	C1286
600L270FW200T	C1284
600L270FW200T	C1282
600L270FW200T	C1280
600L270FW200T	C1240
600L270FW200T	C1239
600L270FW200T	C1181
600L270FW200T	C1179
600L270FW200T	C1177
600L270FW200T	C1175
600L270FW200T	C1174
600L270FW200T	C1173
600L270FW200T	C1172
600L270FW200T	C1171
600L270FW200T	C1162
600L270FW200T	C1160
600L270FW200T	C1158
600L270FW200T	C1138
600L270FW200T	C1122
600L270FW200T	C1121
600L270FW200T	C1120
600L270FW200T	C1119
600L270FW200T	C1118
600L270FW200T	C1117
600L270FW200T	C1116
600L270FW200T	C1115
600L270FW200T	C1108
600L270FW200T	C1104
600L270FW200T	C1102
600L270FW200T	C1098
600L270FW200T	C1096
600L270FW200T	C1094
600L270FW200T	C1092
600L270FW200T	C1090
600L270FW200T	C1074
600L270FW200T	C1073
600L270FW200T	C1072
600L270FW200T	C1071
600L270FW200T	C1064
600L270FW200T	C1059
600L270FW200T	C1055
600L270FW200T	C1050
600L270FW200T	C1022
600L270FW200T	C1021
600L270FW200T	C1020
600L270FW200T	C1019
600L270FW200T	C1018
600L270FW200T	C1017
600L270FW200T	C1016
600L270FW200T	C1015
600L270FW200T	C1001
600L270FW200T	C995
600L270FW200T	C990
600L270FW200T	C984
600L270FW200T	C956
600L270FW200T	C954
600L270FW200T	C952
600L270FW200T	C950
600L270FW200T	C944
600L270FW200T	C943
600L270FW200T	C942
600L270FW200T	C941
600L270FW200T	C932
600L270FW200T	C931
600L270FW200T	C930
600L270FW200T	C929
600L270FW200T	C928
600L270FW200T	C927
600L270FW200T	C926
600L270FW200T	C925
600L270FW200T	C924
600L270FW200T	C923
600L270FW200T	C922
600L270FW200T	C921
600L270FW200T	C908
600L270FW200T	C907
600L270FW200T	C906
600L270FW200T	C905
600L270FW200T	C904
600L270FW200T	C903
600L270FW200T	C902
600L270FW200T	C901
600L270FW200T	C895
600L270FW200T	C894
600L270FW200T	C893
600L270FW200T	C892
600L270FW200T	C891
600L270FW200T	C890
600L270FW200T	C889
600L270FW200T	C888
600L270FW200T	C887
600L270FW200T	C886
600L270FW200T	C885
600L270FW200T	C884
600L270FW200T	C882
600L270FW200T	C880
600L270FW200T	C878
600L270FW200T	C876
600L270FW200T	C875
600L270FW200T	C874
600L270FW200T	C873
600L270FW200T	C872
600L270FW200T	C863
600L270FW200T	C862
600L270FW200T	C861
600L270FW200T	C860
600L270FW200T	C857
600L270FW200T	C856
600L270FW200T	C855
600L270FW200T	C854
600L270FW200T	C853
600L270FW200T	C852
600L270FW200T	C851
600L270FW200T	C850
600L270FW200T	C835
600L270FW200T	C834
600L270FW200T	C833
600L270FW200T	C832
600L270FW200T	C831
600L270FW200T	C830
600L270FW200T	C829
600L270FW200T	C828
600L270FW200T	C827
600L270FW200T	C826
600L270FW200T	C825
600L270FW200T	C824
600L270FW200T	C823
600L270FW200T	C822
600L270FW200T	C821
600L270FW200T	C820
600L270FW200T	C819
600L270FW200T	C818
600L270FW200T	C817
600L270FW200T	C816
600L270FW200T	C290
600L270FW200T	C289
78279223560	L82
78279223560	L81
78279223560	L54
DP83869HMRGZT	U874
TNPW060311K0BEE	R1719
TNPW060311K0BEE	R465
TNPW060311K0BEE	R172
TNPW060311K0BEE	R168
LTC7151SEV#PBF	U124
LTC7151SEV#PBF	U104
LTC7151SEV#PBF	U84
LTC7151SEV#PBF	U75
LTC7151SEV#PBF	U69
LTC7151SEV#PBF	U34
TNPW06033K01BEEN	R174
TNPW06033K01BEEN	R162
SZMMSZ5256ET1G	D1
CRCW0402240RFKTD	R1466
CRCW0402240RFKTD	R1440
CRCW0402240RFKTD	R1424
CRCW0402240RFKTD	R1422
CRCW0402240RFKTD	R1399
CRCW0402240RFKTD	R1370
CRCW0402240RFKTD	R1367
CRCW0402240RFKTD	R1346
CRCW0402240RFKTD	R1337
CRCW0402240RFKTD	R1321
CRCW0402240RFKTD	R1306
CRCW0402240RFKTD	R1284
CRCW0402240RFKTD	R1283
CRCW0402240RFKTD	R1222
CRCW0402240RFKTD	R1221
CRCW0402240RFKTD	R1220
CRCW0402240RFKTD	R1219
CRCW0402240RFKTD	R1218
CRCW0402240RFKTD	R1209
CRCW0402240RFKTD	R1208
CRCW0402240RFKTD	R1207
CRCW0402240RFKTD	R1206
CRCW0402240RFKTD	R1109
CRCW0402240RFKTD	R1083
CRCW0402240RFKTD	R1069
CRCW0402240RFKTD	R366
CRCW0402240RFKTD	R365
CRCW0402240RFKTD	R364
CRCW0402240RFKTD	R363
CRCW0402240RFKTD	R361
CRCW0402240RFKTD	R360
CRCW0402240RFKTD	R359
CRCW0402240RFKTD	R358
CRCW0402240RFKTD	R357
TNPW06032K49BEEA	R1708
TNPW06032K49BEEA	R1707
TNPW06032K49BEEA	R1706
TNPW06032K49BEEA	R1442
TNPW06032K49BEEA	R1261
TNPW06032K49BEEA	R1235
TNPW06032K49BEEA	R1055
TNPW06032K49BEEA	R327
TNPW06032K49BEEA	R209
1000B-5001FX	T1
T598D337M2R5ATE006	C1512
T598D337M2R5ATE006	C1510
T598D337M2R5ATE006	C1330
T598D337M2R5ATE006	C1329
T598D337M2R5ATE006	C1278
T598D337M2R5ATE006	C1277
T598D337M2R5ATE006	C1276
T598D337M2R5ATE006	C1275
T598D337M2R5ATE006	C1274
T598D337M2R5ATE006	C867
T598D337M2R5ATE006	C540
SiT5147AE-FK-33VTA125.000000	Y7
SEAF8-20-05.0-STL-08-1	J7
SEAF8-20-05.0-STL-08-1	J6
SEAF8-20-05.0-STL-08-1	J5
SEAF8-20-05.0-STL-08-1	J4
SEAF8-20-05.0-STL-08-1	J3
SEAF8-20-05.0-STL-08-1	J2
SEAF8-20-05.0-STL-08-1	J1
SEAF8-20-05.0-STL-08-1	J0
TPD4E02B04QDQARQ1	D53
TPD4E02B04QDQARQ1	D52
TPD4E02B04QDQARQ1	D51
TPD4E02B04QDQARQ1	D50
TPD4E02B04QDQARQ1	D49
TPD4E02B04QDQARQ1	D48
TPD4E02B04QDQARQ1	D47
TPD4E02B04QDQARQ1	D46
TPD4E02B04QDQARQ1	D45
TPD4E02B04QDQARQ1	D44
TPD4E02B04QDQARQ1	D43
TPD4E02B04QDQARQ1	D42
TPD4E02B04QDQARQ1	D41
TPD4E02B04QDQARQ1	D40
TPD4E02B04QDQARQ1	D39
TPD4E02B04QDQARQ1	D38
TPD4E02B04QDQARQ1	D37
TPD4E02B04QDQARQ1	D36
TPD4E02B04QDQARQ1	D35
TPD4E02B04QDQARQ1	D33
TPD4E02B04QDQARQ1	D31
TPD4E02B04QDQARQ1	D30
TPD4E02B04QDQARQ1	D28
TPD4E02B04QDQARQ1	D26
TPD4E02B04QDQARQ1	D25
TPD4E02B04QDQARQ1	D24
TPD4E02B04QDQARQ1	D23
TPD4E02B04QDQARQ1	D22
TPD4E02B04QDQARQ1	D19
TPD4E02B04QDQARQ1	D17
TPD4E02B04QDQARQ1	D15
TPD4E02B04QDQARQ1	D14
TPD4E02B04QDQARQ1	D13
TPD4E02B04QDQARQ1	D12
TPD4E02B04QDQARQ1	D11
TPD4E02B04QDQARQ1	D10
TPD4E02B04QDQARQ1	D9
TPD4E02B04QDQARQ1	D8
TPD4E02B04QDQARQ1	D7
TPD4E02B04QDQARQ1	D6
TPD4E02B04QDQARQ1	D5
TPD4E02B04QDQARQ1	D4
TPD4E02B04QDQARQ1	D3
SZMMSZ5244ET1G	D32
SZMMSZ5244ET1G	D29
SZMMSZ5244ET1G	D20
SZMMSZ5244ET1G	D16
LM239AMPWREP	U30
C1206X102KGRACAUTO	C1715
SiT2044BM-S1-18EA25.000000	Y2
SiT2044BM-S1-18EA25.000000	Y1
TNPW0402100RBEED	R1714
TNPW0402100RBEED	R1473
TNPW0402100RBEED	R1469
TNPW0402100RBEED	R1467
TNPW0402100RBEED	R1344
TNPW0402100RBEED	R1285
TNPW0402100RBEED	R1266
TNPW0402100RBEED	R1265
TNPW0402100RBEED	R532
TNPW0402100RBEED	R531
TNPW0402100RBEED	R530
TNPW0402100RBEED	R90
C1210C105K1RALTU	C1703
C1210C105K1RALTU	C1258
C1210C105K1RALTU	C1227
C1210C105K1RALTU	C1211
C1210C105K1RALTU	C1206
CRCW0603357RFKEA	R177
CRCW0603357RFKEA	R176
CRCW0603357RFKEA	R175
CRCW0603357RFKEA	R165
CRCW0603357RFKEA	R164
CRCW0603357RFKEA	R163
C1210C476K8RACTU	C1702
C1210C476K8RACTU	C1537
C1210C476K8RACTU	C1509
C1210C476K8RACTU	C1508
C1210C476K8RACTU	C1496
C1210C476K8RACTU	C1472
C1210C476K8RACTU	C1433
C1210C476K8RACTU	C1380
C1210C476K8RACTU	C1363
C1210C476K8RACTU	C1326
C1210C476K8RACTU	C1322
C1210C476K8RACTU	C1303
C1210C476K8RACTU	C1289
C1210C476K8RACTU	C1273
C1210C476K8RACTU	C1199
C1210C476K8RACTU	C1184
C1210C476K8RACTU	C896
C1210C476K8RACTU	C864
C1210C476K8RACTU	C858
C1210C476K8RACTU	C836
C1210C476K8RACTU	C640
C1210C476K8RACTU	C544
C1210C476K8RACTU	C543
C1210C476K8RACTU	C530
C1210C476K8RACTU	C529
C1210C476K8RACTU	C484
C1210C476K8RACTU	C445
C1210C476K8RACTU	C432
C1210C476K8RACTU	C316
C1210C476K8RACTU	C191
C1210C476K8RACTU	C190
C1210C476K8RACTU	C139
C1210C476K8RACTU	C131
C1210C476K8RACTU	C92
C1210C476K8RACTU	C83
C1210C476K8RACTU	C48
C1210C476K8RACTU	C40
C1210C476K8RACTU	C33
790-044SF-23MTEPA	J27
TNPW06037K68BETA	R171
TNPW06037K68BETA	R167
C0603C104J5RACAUTO	C1691
C0603C104J5RACAUTO	C1261
C0603C104J5RACAUTO	C1209
C0603C104J5RACAUTO	C1203
TNPW060363K4BEEA	R241
CRCW1206121RFK	R1723
CRCW1206121RFK	R1257
CRCW1206121RFK	R801
CRCW1206121RFK	R800
CRCW1206121RFK	R491
CRCW1206121RFK	R488
CRCW1206121RFK	R487
CRCW1206121RFK	R481
CRCW1206121RFK	R475
CRCW1206121RFK	R473
CRCW1206121RFK	R459
CRCW1206121RFK	R456
CRCW1206121RFK	R446
CRCW1206121RFK	R445
CRCW1206121RFK	R437
CRCW1206121RFK	R436
CRCW1206121RFK	R425
CRCW1206121RFK	R424
CRCW1206121RFK	R415
CRCW1206121RFK	R414
CRCW1206121RFK	R413
CRCW1206121RFK	R412
CRCW1206121RFK	R410
CRCW1206121RFK	R402
CRCW1206121RFK	R401
CRCW1206121RFK	R396
CRCW1206121RFK	R394
CRCW1206121RFK	R391
CRCW1206121RFK	R380
CRCW1206121RFK	R379
CRCW1206121RFK	R378
CRCW1206121RFK	R377
CRCW1206121RFK	R376
CRCW1206121RFK	R375
CRCW1206121RFK	R374
CRCW1206121RFK	R373
CRCW1206121RFK	R225
CRCW1206121RFK	R224
CRCW1206121RFK	R203
CRCW1206121RFK	R195
CRCW1206121RFK	R194
CRCW1206121RFK	R192
CRCW1206121RFK	R191
CRCW1206121RFK	R190
CRCW1206121RFK	R188
CRCW1206121RFK	R187
CRCW1206121RFK	R186
CRCW1206121RFK	R185
CRCW1206121RFK	R184
CRCW1206121RFK	R183
CRCW1206121RFK	R182
CRCW1206121RFK	R181
CRCW1206121RFK	R180
CRCW1206121RFK	R179
CRCW1206121RFK	R178
CRCW1206121RFK	R160
CRCW1206121RFK	R159
CRCW1206121RFK	R129
CRCW1206121RFK	R87
CRCW1206121RFK	R85
CRCW1206121RFK	R76
CRCW1206121RFK	R72
CRCW1206121RFK	R67
CRCW1206121RFK	R66
CRCW1206121RFK	R57
CRCW1206121RFK	R56
CRCW1206121RFK	R53
CRCW1206121RFK	R50
CRCW1206121RFK	R49
CRCW1206121RFK	R46
CRCW1206121RFK	R45
CRCW1206121RFK	R44
CRCW1206121RFK	R41
CRCW1206121RFK	R40
CRCW1206121RFK	R39
CRCW1206121RFK	R34
CRCW1206121RFK	R33
CRCW1206121RFK	R32
CRCW1206121RFK	R25
CRCW1206121RFK	R24
CRCW1206121RFK	R19
CRCW1206121RFK	R18
CRCW1206121RFK	R15
CRCW1206121RFK	R14
CRCW1206121RFK	R13
CRCW1206121RFK	R12
CRCW1206121RFK	R11
CRCW1206121RFK	R10
790-044SE-19MTEPA	J25
LTC3807EUDC#TRPBF	U121
LTC3807EUDC#TRPBF	U85
LTC3807EUDC#TRPBF	U45
LTC3807EUDC#TRPBF	U44
C0402C104J4RACAUTO	C1718
C0402C104J4RACAUTO	C1717
C0402C104J4RACAUTO	C1716
C0402C104J4RACAUTO	C1714
C0402C104J4RACAUTO	C1713
C0402C104J4RACAUTO	C1712
C0402C104J4RACAUTO	C1711
C0402C104J4RACAUTO	C1710
C0402C104J4RACAUTO	C1709
C0402C104J4RACAUTO	C1708
C0402C104J4RACAUTO	C1707
C0402C104J4RACAUTO	C1706
C0402C104J4RACAUTO	C1705
C0402C104J4RACAUTO	C1701
C0402C104J4RACAUTO	C1697
C0402C104J4RACAUTO	C1695
C0402C104J4RACAUTO	C1692
C0402C104J4RACAUTO	C1683
C0402C104J4RACAUTO	C1654
C0402C104J4RACAUTO	C1548
C0402C104J4RACAUTO	C1547
C0402C104J4RACAUTO	C1538
C0402C104J4RACAUTO	C1536
C0402C104J4RACAUTO	C1535
C0402C104J4RACAUTO	C1506
C0402C104J4RACAUTO	C1505
C0402C104J4RACAUTO	C1504
C0402C104J4RACAUTO	C1332
C0402C104J4RACAUTO	C1301
C0402C104J4RACAUTO	C1292
C0402C104J4RACAUTO	C1291
C0402C104J4RACAUTO	C1290
C0402C104J4RACAUTO	C1288
C0402C104J4RACAUTO	C1287
C0402C104J4RACAUTO	C1272
C0402C104J4RACAUTO	C1271
C0402C104J4RACAUTO	C1270
C0402C104J4RACAUTO	C1268
C0402C104J4RACAUTO	C1260
C0402C104J4RACAUTO	C1259
C0402C104J4RACAUTO	C1256
C0402C104J4RACAUTO	C1253
C0402C104J4RACAUTO	C1243
C0402C104J4RACAUTO	C1238
C0402C104J4RACAUTO	C1237
C0402C104J4RACAUTO	C1236
C0402C104J4RACAUTO	C1235
C0402C104J4RACAUTO	C1230
C0402C104J4RACAUTO	C1225
C0402C104J4RACAUTO	C1224
C0402C104J4RACAUTO	C1197
C0402C104J4RACAUTO	C1196
C0402C104J4RACAUTO	C1194
C0402C104J4RACAUTO	C1192
C0402C104J4RACAUTO	C1191
C0402C104J4RACAUTO	C1190
C0402C104J4RACAUTO	C1189
C0402C104J4RACAUTO	C1188
C0402C104J4RACAUTO	C1187
C0402C104J4RACAUTO	C1165
C0402C104J4RACAUTO	C1164
C0402C104J4RACAUTO	C1163
C0402C104J4RACAUTO	C1010
C0402C104J4RACAUTO	C1009
C0402C104J4RACAUTO	C1008
C0402C104J4RACAUTO	C1007
C0402C104J4RACAUTO	C1006
C0402C104J4RACAUTO	C1005
C0402C104J4RACAUTO	C1004
C0402C104J4RACAUTO	C1003
C0402C104J4RACAUTO	C1002
C0402C104J4RACAUTO	C980
C0402C104J4RACAUTO	C979
C0402C104J4RACAUTO	C978
C0402C104J4RACAUTO	C977
C0402C104J4RACAUTO	C976
C0402C104J4RACAUTO	C975
C0402C104J4RACAUTO	C974
C0402C104J4RACAUTO	C973
C0402C104J4RACAUTO	C972
C0402C104J4RACAUTO	C971
C0402C104J4RACAUTO	C963
C0402C104J4RACAUTO	C962
C0402C104J4RACAUTO	C961
C0402C104J4RACAUTO	C960
C0402C104J4RACAUTO	C959
C0402C104J4RACAUTO	C958
C0402C104J4RACAUTO	C949
C0402C104J4RACAUTO	C948
C0402C104J4RACAUTO	C947
C0402C104J4RACAUTO	C946
C0402C104J4RACAUTO	C945
C0402C104J4RACAUTO	C936
C0402C104J4RACAUTO	C935
C0402C104J4RACAUTO	C934
C0402C104J4RACAUTO	C933
C0402C104J4RACAUTO	C810
C0402C104J4RACAUTO	C805
C0402C104J4RACAUTO	C804
C0402C104J4RACAUTO	C803
C0402C104J4RACAUTO	C802
C0402C104J4RACAUTO	C801
C0402C104J4RACAUTO	C800
C0402C104J4RACAUTO	C734
C0402C104J4RACAUTO	C730
C0402C104J4RACAUTO	C725
C0402C104J4RACAUTO	C724
C0402C104J4RACAUTO	C721
C0402C104J4RACAUTO	C719
C0402C104J4RACAUTO	C715
C0402C104J4RACAUTO	C714
C0402C104J4RACAUTO	C713
C0402C104J4RACAUTO	C712
C0402C104J4RACAUTO	C711
C0402C104J4RACAUTO	C710
C0402C104J4RACAUTO	C709
C0402C104J4RACAUTO	C708
C0402C104J4RACAUTO	C706
C0402C104J4RACAUTO	C704
C0402C104J4RACAUTO	C702
C0402C104J4RACAUTO	C698
C0402C104J4RACAUTO	C697
C0402C104J4RACAUTO	C691
C0402C104J4RACAUTO	C689
C0402C104J4RACAUTO	C687
C0402C104J4RACAUTO	C686
C0402C104J4RACAUTO	C685
C0402C104J4RACAUTO	C683
C0402C104J4RACAUTO	C682
C0402C104J4RACAUTO	C681
C0402C104J4RACAUTO	C679
C0402C104J4RACAUTO	C677
C0402C104J4RACAUTO	C676
C0402C104J4RACAUTO	C674
C0402C104J4RACAUTO	C673
C0402C104J4RACAUTO	C672
C0402C104J4RACAUTO	C671
C0402C104J4RACAUTO	C669
C0402C104J4RACAUTO	C668
C0402C104J4RACAUTO	C667
C0402C104J4RACAUTO	C666
C0402C104J4RACAUTO	C665
C0402C104J4RACAUTO	C663
C0402C104J4RACAUTO	C662
C0402C104J4RACAUTO	C659
C0402C104J4RACAUTO	C658
C0402C104J4RACAUTO	C655
C0402C104J4RACAUTO	C654
C0402C104J4RACAUTO	C653
C0402C104J4RACAUTO	C651
C0402C104J4RACAUTO	C648
C0402C104J4RACAUTO	C647
C0402C104J4RACAUTO	C646
C0402C104J4RACAUTO	C645
C0402C104J4RACAUTO	C643
C0402C104J4RACAUTO	C642
C0402C104J4RACAUTO	C641
C0402C104J4RACAUTO	C638
C0402C104J4RACAUTO	C636
C0402C104J4RACAUTO	C635
C0402C104J4RACAUTO	C633
C0402C104J4RACAUTO	C628
C0402C104J4RACAUTO	C627
C0402C104J4RACAUTO	C626
C0402C104J4RACAUTO	C625
C0402C104J4RACAUTO	C624
C0402C104J4RACAUTO	C623
C0402C104J4RACAUTO	C622
C0402C104J4RACAUTO	C576
C0402C104J4RACAUTO	C575
C0402C104J4RACAUTO	C573
C0402C104J4RACAUTO	C571
C0402C104J4RACAUTO	C569
C0402C104J4RACAUTO	C565
C0402C104J4RACAUTO	C560
C0402C104J4RACAUTO	C551
C0402C104J4RACAUTO	C548
C0402C104J4RACAUTO	C547
C0402C104J4RACAUTO	C546
C0402C104J4RACAUTO	C538
C0402C104J4RACAUTO	C536
C0402C104J4RACAUTO	C535
C0402C104J4RACAUTO	C534
C0402C104J4RACAUTO	C533
C0402C104J4RACAUTO	C525
C0402C104J4RACAUTO	C524
C0402C104J4RACAUTO	C519
C0402C104J4RACAUTO	C517
C0402C104J4RACAUTO	C515
C0402C104J4RACAUTO	C513
C0402C104J4RACAUTO	C511
C0402C104J4RACAUTO	C509
C0402C104J4RACAUTO	C504
C0402C104J4RACAUTO	C498
C0402C104J4RACAUTO	C497
C0402C104J4RACAUTO	C495
C0402C104J4RACAUTO	C493
C0402C104J4RACAUTO	C491
C0402C104J4RACAUTO	C487
C0402C104J4RACAUTO	C486
C0402C104J4RACAUTO	C478
C0402C104J4RACAUTO	C475
C0402C104J4RACAUTO	C473
C0402C104J4RACAUTO	C471
C0402C104J4RACAUTO	C469
C0402C104J4RACAUTO	C467
C0402C104J4RACAUTO	C465
C0402C104J4RACAUTO	C459
C0402C104J4RACAUTO	C458
C0402C104J4RACAUTO	C457
C0402C104J4RACAUTO	C456
C0402C104J4RACAUTO	C450
C0402C104J4RACAUTO	C448
C0402C104J4RACAUTO	C443
C0402C104J4RACAUTO	C442
C0402C104J4RACAUTO	C441
C0402C104J4RACAUTO	C436
C0402C104J4RACAUTO	C435
C0402C104J4RACAUTO	C434
C0402C104J4RACAUTO	C433
C0402C104J4RACAUTO	C431
C0402C104J4RACAUTO	C421
C0402C104J4RACAUTO	C418
C0402C104J4RACAUTO	C417
C0402C104J4RACAUTO	C379
C0402C104J4RACAUTO	C378
C0402C104J4RACAUTO	C375
C0402C104J4RACAUTO	C374
C0402C104J4RACAUTO	C373
C0402C104J4RACAUTO	C363
C0402C104J4RACAUTO	C360
C0402C104J4RACAUTO	C358
C0402C104J4RACAUTO	C357
C0402C104J4RACAUTO	C353
C0402C104J4RACAUTO	C352
C0402C104J4RACAUTO	C350
C0402C104J4RACAUTO	C349
C0402C104J4RACAUTO	C344
C0402C104J4RACAUTO	C336
C0402C104J4RACAUTO	C335
C0402C104J4RACAUTO	C332
C0402C104J4RACAUTO	C331
C0402C104J4RACAUTO	C313
C0402C104J4RACAUTO	C312
C0402C104J4RACAUTO	C307
C0402C104J4RACAUTO	C295
C0402C104J4RACAUTO	C294
C0402C104J4RACAUTO	C293
C0402C104J4RACAUTO	C292
C0402C104J4RACAUTO	C288
C0402C104J4RACAUTO	C282
C0402C104J4RACAUTO	C280
C0402C104J4RACAUTO	C279
C0402C104J4RACAUTO	C278
C0402C104J4RACAUTO	C277
C0402C104J4RACAUTO	C276
C0402C104J4RACAUTO	C275
C0402C104J4RACAUTO	C272
C0402C104J4RACAUTO	C271
C0402C104J4RACAUTO	C270
C0402C104J4RACAUTO	C268
C0402C104J4RACAUTO	C265
C0402C104J4RACAUTO	C264
C0402C104J4RACAUTO	C263
C0402C104J4RACAUTO	C258
C0402C104J4RACAUTO	C257
C0402C104J4RACAUTO	C256
C0402C104J4RACAUTO	C255
C0402C104J4RACAUTO	C254
C0402C104J4RACAUTO	C253
C0402C104J4RACAUTO	C252
C0402C104J4RACAUTO	C251
C0402C104J4RACAUTO	C250
C0402C104J4RACAUTO	C249
C0402C104J4RACAUTO	C248
C0402C104J4RACAUTO	C247
C0402C104J4RACAUTO	C246
C0402C104J4RACAUTO	C245
C0402C104J4RACAUTO	C244
C0402C104J4RACAUTO	C243
C0402C104J4RACAUTO	C242
C0402C104J4RACAUTO	C241
C0402C104J4RACAUTO	C240
C0402C104J4RACAUTO	C239
C0402C104J4RACAUTO	C238
C0402C104J4RACAUTO	C237
C0402C104J4RACAUTO	C230
C0402C104J4RACAUTO	C227
C0402C104J4RACAUTO	C218
C0402C104J4RACAUTO	C217
C0402C104J4RACAUTO	C214
C0402C104J4RACAUTO	C209
C0402C104J4RACAUTO	C205
C0402C104J4RACAUTO	C201
C0402C104J4RACAUTO	C198
C0402C104J4RACAUTO	C197
C0402C104J4RACAUTO	C196
C0402C104J4RACAUTO	C195
C0402C104J4RACAUTO	C194
C0402C104J4RACAUTO	C193
C0402C104J4RACAUTO	C189
C0402C104J4RACAUTO	C188
C0402C104J4RACAUTO	C187
C0402C104J4RACAUTO	C179
C0402C104J4RACAUTO	C177
C0402C104J4RACAUTO	C175
C0402C104J4RACAUTO	C174
C0402C104J4RACAUTO	C173
C0402C104J4RACAUTO	C168
C0402C104J4RACAUTO	C167
C0402C104J4RACAUTO	C166
C0402C104J4RACAUTO	C165
C0402C104J4RACAUTO	C160
C0402C104J4RACAUTO	C158
C0402C104J4RACAUTO	C156
C0402C104J4RACAUTO	C154
C0402C104J4RACAUTO	C152
C0402C104J4RACAUTO	C149
C0402C104J4RACAUTO	C147
C0402C104J4RACAUTO	C146
C0402C104J4RACAUTO	C141
C0402C104J4RACAUTO	C140
C0402C104J4RACAUTO	C137
C0402C104J4RACAUTO	C136
C0402C104J4RACAUTO	C135
C0402C104J4RACAUTO	C134
C0402C104J4RACAUTO	C133
C0402C104J4RACAUTO	C128
C0402C104J4RACAUTO	C126
C0402C104J4RACAUTO	C124
C0402C104J4RACAUTO	C123
C0402C104J4RACAUTO	C120
C0402C104J4RACAUTO	C116
C0402C104J4RACAUTO	C114
C0402C104J4RACAUTO	C112
C0402C104J4RACAUTO	C110
C0402C104J4RACAUTO	C108
C0402C104J4RACAUTO	C107
C0402C104J4RACAUTO	C106
C0402C104J4RACAUTO	C100
C0402C104J4RACAUTO	C99
C0402C104J4RACAUTO	C97
C0402C104J4RACAUTO	C96
C0402C104J4RACAUTO	C93
C0402C104J4RACAUTO	C91
C0402C104J4RACAUTO	C90
C0402C104J4RACAUTO	C87
C0402C104J4RACAUTO	C86
C0402C104J4RACAUTO	C85
C0402C104J4RACAUTO	C82
C0402C104J4RACAUTO	C81
C0402C104J4RACAUTO	C76
C0402C104J4RACAUTO	C75
C0402C104J4RACAUTO	C72
C0402C104J4RACAUTO	C68
C0402C104J4RACAUTO	C66
C0402C104J4RACAUTO	C64
C0402C104J4RACAUTO	C62
C0402C104J4RACAUTO	C61
C0402C104J4RACAUTO	C59
C0402C104J4RACAUTO	C58
C0402C104J4RACAUTO	C57
C0402C104J4RACAUTO	C56
C0402C104J4RACAUTO	C55
C0402C104J4RACAUTO	C53
C0402C104J4RACAUTO	C52
C0402C104J4RACAUTO	C50
C0402C104J4RACAUTO	C49
C0402C104J4RACAUTO	C45
C0402C104J4RACAUTO	C44
C0402C104J4RACAUTO	C43
C0402C104J4RACAUTO	C42
C0402C104J4RACAUTO	C41
C0402C104J4RACAUTO	C34
C0402C104J4RACAUTO	C31
C0402C104J4RACAUTO	C30
C0402C104J4RACAUTO	C29
C0402C104J4RACAUTO	C28
C0402C104J4RACAUTO	C27
C0402C104J4RACAUTO	C26
C0402C104J4RACAUTO	C25
C0402C104J4RACAUTO	C24
C0402C104J4RACAUTO	C23
C0402C104J4RACAUTO	C22
C0402C104J4RACAUTO	C21
C0402C104J4RACAUTO	C19
C0402C104J4RACAUTO	C18
C0402C104J4RACAUTO	C16
C0402C104J4RACAUTO	C15
C0402C104J4RACAUTO	C14
C0402C104J4RACAUTO	C13
C0402C104J4RACAUTO	C12
C0402C104J4RACAUTO	C8
C0402C104J4RACAUTO	C7
C0402C104J4RACAUTO	C6
C0402C104J4RACAUTO	C5
C0402C104J4RACAUTO	C4
C0402C104J4RACAUTO	C3
C0402C104J4RACAUTO	C2
C0402C104J4RACAUTO	C1
790-041PH-66MTPA	J24
LTC7051AV-1#PBF	U861
LTC7051AV-1#PBF	U848
LTC7051AV-1#PBF	U804
LTC7051AV-1#PBF	U94
LTC7051AV-1#PBF	U92
LTC7051AV-1#PBF	U12
TNPW04021K00BEED	R1697
TNPW04021K00BEED	R1690
TNPW04021K00BEED	R1683
TNPW04021K00BEED	R1676
TNPW04021K00BEED	R1669
TNPW04021K00BEED	R1668
TNPW04021K00BEED	R1667
TNPW04021K00BEED	R1666
TNPW04021K00BEED	R1664
TNPW04021K00BEED	R1661
TNPW04021K00BEED	R1658
TNPW04021K00BEED	R1655
TNPW04021K00BEED	R1620
TNPW04021K00BEED	R1617
TNPW04021K00BEED	R1615
TNPW04021K00BEED	R1612
TNPW04021K00BEED	R1610
TNPW04021K00BEED	R1607
TNPW04021K00BEED	R1605
TNPW04021K00BEED	R1602
TNPW04021K00BEED	R1593
TNPW04021K00BEED	R1591
TNPW04021K00BEED	R1589
TNPW04021K00BEED	R1587
TNPW04021K00BEED	R1583
TNPW04021K00BEED	R1577
TNPW04021K00BEED	R1571
TNPW04021K00BEED	R1565
TNPW04021K00BEED	R1560
TNPW04021K00BEED	R1558
TNPW04021K00BEED	R1556
TNPW04021K00BEED	R1554
TNPW04021K00BEED	R1544
TNPW04021K00BEED	R1541
TNPW04021K00BEED	R1538
TNPW04021K00BEED	R1535
TNPW04021K00BEED	R1531
TNPW04021K00BEED	R1526
TNPW04021K00BEED	R1523
TNPW04021K00BEED	R1518
TNPW04021K00BEED	R1515
TNPW04021K00BEED	R1510
TNPW04021K00BEED	R1507
TNPW04021K00BEED	R1502
TNPW04021K00BEED	R1481
TNPW04021K00BEED	R1479
TNPW04021K00BEED	R1477
TNPW04021K00BEED	R1475
TNPW04021K00BEED	R1437
TNPW04021K00BEED	R1423
TNPW04021K00BEED	R1420
TNPW04021K00BEED	R1417
TNPW04021K00BEED	R1414
TNPW04021K00BEED	R1411
TNPW04021K00BEED	R1380
TNPW04021K00BEED	R1369
TNPW04021K00BEED	R1368
TNPW04021K00BEED	R1366
TNPW04021K00BEED	R1361
TNPW04021K00BEED	R1359
TNPW04021K00BEED	R1357
TNPW04021K00BEED	R1355
TNPW04021K00BEED	R1345
TNPW04021K00BEED	R1343
TNPW04021K00BEED	R1320
TNPW04021K00BEED	R1319
TNPW04021K00BEED	R1318
TNPW04021K00BEED	R1317
TNPW04021K00BEED	R1274
TNPW04021K00BEED	R1272
TNPW04021K00BEED	R1270
TNPW04021K00BEED	R1268
TNPW04021K00BEED	R1229
TNPW04021K00BEED	R1227
TNPW04021K00BEED	R1225
TNPW04021K00BEED	R1223
TNPW04021K00BEED	R1175
TNPW04021K00BEED	R1172
TNPW04021K00BEED	R1169
TNPW04021K00BEED	R1166
TNPW04021K00BEED	R1146
TNPW04021K00BEED	R1144
TNPW04021K00BEED	R1142
TNPW04021K00BEED	R1140
TNPW04021K00BEED	R1108
TNPW04021K00BEED	R1095
TNPW04021K00BEED	R1092
TNPW04021K00BEED	R1089
TNPW04021K00BEED	R1086
TNPW04021K00BEED	R1071
TNPW04021K00BEED	R1070
TNPW04021K00BEED	R1058
TNPW04021K00BEED	R1046
TNPW04021K00BEED	R1039
TNPW04021K00BEED	R1037
TNPW04021K00BEED	R1035
TNPW04021K00BEED	R1033
TNPW04021K00BEED	R1005
TNPW04021K00BEED	R1000
TNPW04021K00BEED	R997
TNPW04021K00BEED	R992
TNPW04021K00BEED	R989
TNPW04021K00BEED	R984
TNPW04021K00BEED	R981
TNPW04021K00BEED	R976
TNPW04021K00BEED	R972
TNPW04021K00BEED	R969
TNPW04021K00BEED	R966
TNPW04021K00BEED	R963
TNPW04021K00BEED	R953
TNPW04021K00BEED	R951
TNPW04021K00BEED	R949
TNPW04021K00BEED	R947
TNPW04021K00BEED	R942
TNPW04021K00BEED	R936
TNPW04021K00BEED	R930
TNPW04021K00BEED	R924
TNPW04021K00BEED	R920
TNPW04021K00BEED	R918
TNPW04021K00BEED	R916
TNPW04021K00BEED	R914
TNPW04021K00BEED	R905
TNPW04021K00BEED	R902
TNPW04021K00BEED	R900
TNPW04021K00BEED	R897
TNPW04021K00BEED	R895
TNPW04021K00BEED	R892
TNPW04021K00BEED	R890
TNPW04021K00BEED	R887
TNPW04021K00BEED	R852
TNPW04021K00BEED	R849
TNPW04021K00BEED	R846
TNPW04021K00BEED	R843
TNPW04021K00BEED	R841
TNPW04021K00BEED	R840
TNPW04021K00BEED	R839
TNPW04021K00BEED	R838
TNPW04021K00BEED	R833
TNPW04021K00BEED	R826
TNPW04021K00BEED	R819
TNPW04021K00BEED	R812
TNPW04021K00BEED	R222
TNPW04021K00BEED	R92
TNPW04021K00BEED	R91
TNPW04021K00BEED	R89
TNPW04021K00BEED	R88
TNPW04021K00BEED	R74
TNPW04021K00BEED	R73
TNPW04021K00BEED	R2
LT3022EMSE#PBF	U129
LT3022EMSE#PBF	U122
LT3022EMSE#PBF	U89
LT3022EMSE#PBF	U76
LT3022EMSE#PBF	U33
LT3022EMSE#PBF	U31
C0805X475J4RACAUTO	C1185
C0805X475J4RACAUTO	C1144
C0805X475J4RACAUTO	C837
C0805X475J4RACAUTO	C688
C0805X475J4RACAUTO	C652
C0805X475J4RACAUTO	C563
C0805X475J4RACAUTO	C554
C0805X475J4RACAUTO	C463
C0805X475J4RACAUTO	C462
C0805X475J4RACAUTO	C461
C0805X475J4RACAUTO	C451
C0805X475J4RACAUTO	C426
C0805X475J4RACAUTO	C419
C0805X475J4RACAUTO	C416
C0805X475J4RACAUTO	C361
C0805X475J4RACAUTO	C305
C0805X475J4RACAUTO	C260
C0805X475J4RACAUTO	C228
C0805X475J4RACAUTO	C226
C0805X475J4RACAUTO	C192
C0805X475J4RACAUTO	C172
C0805X475J4RACAUTO	C171
C0805X475J4RACAUTO	C170
C0805X475J4RACAUTO	C142
C0805X475J4RACAUTO	C46
C0805X475J4RACAUTO	C39
C0805X475J4RACAUTO	C32
HRB0805S121P1.00FT	L867
HRB0805S121P1.00FT	L51
HRB0805S121P1.00FT	L50
HRB0805S121P1.00FT	L49
HRB0805S121P1.00FT	L48
HRB0805S121P1.00FT	L46
HRB0805S121P1.00FT	L45
HRB0805S121P1.00FT	L43
HRB0805S121P1.00FT	L42
HRB0805S121P1.00FT	L41
HRB0805S121P1.00FT	L40
HRB0805S121P1.00FT	L11
HRB0805S121P1.00FT	L6
SEAF8-40-05.0-STL-06-1	J21
SEAF8-40-05.0-STL-06-1	J20
SEAF8-40-05.0-STL-06-1	J17
SEAF8-40-05.0-STL-06-1	J16
SEAF8-40-05.0-STL-06-1	J13
SEAF8-40-05.0-STL-06-1	J12
SEAF8-40-05.0-STL-06-1	J9
SEAF8-40-05.0-STL-06-1	J8
SEAF8-30-05.0-STL-08-1	J23
SEAF8-30-05.0-STL-08-1	J22
SEAF8-30-05.0-STL-08-1	J19
SEAF8-30-05.0-STL-08-1	J18
SEAF8-30-05.0-STL-08-1	J15
SEAF8-30-05.0-STL-08-1	J14
SEAF8-30-05.0-STL-08-1	J11
SEAF8-30-05.0-STL-08-1	J10
790-042SE-19MTEPA	J28
SN74LVC1G97IDCKREP	U803
790-043PE-19MTPA	J26
LTMM-107-02-L-D-SM-K-TR	J73
LTMM-107-02-L-D-SM-K-TR	J34
LTMM-107-02-L-D-SM-K-TR	J33
LTMM-107-02-L-D-SM-K-TR	J32
LTMM-107-02-L-D-SM-K-TR	J31
LTMM-107-02-L-D-SM-K-TR	J30
LTMM-107-02-L-D-SM-K-TR	J29
TNPW0603200RBEEA	R435
TNPW0603200RBEEA	R93
LTMM-104-02-L-D-SM-01-K-TR	J39
LTMM-104-02-L-D-SM-01-K-TR	J38
LTMM-104-02-L-D-SM-01-K-TR	J37
LTMM-104-02-L-D-SM-01-K-TR	J36
LTMM-104-02-L-D-SM-01-K-TR	J35
Y14880R01000F0R	R430
Y14880R01000F0R	R329
Y14880R01000F0R	R153
Y14880R01000F0R	R146
TNPW060310K0BEEA	R466
TNPW060310K0BEEA	R408
TNPW060310K0BEEA	R406
TNPW060310K0BEEA	R337
TNPW060310K0BEEA	R333
TNPW060310K0BEEA	R330
TNPW060310K0BEEA	R258
TNPW060310K0BEEA	R255
TNPW060310K0BEEA	R206
TNPW060310K0BEEA	R118
TNPW060310K0BEEA	R117
TNPW060310K0BEEA	R105
TNPW060310K0BEEA	R100
TNPW060310K0BEEA	R7
CL10B105KA8VPNC	C1699
CL10B105KA8VPNC	C1698
CL10B105KA8VPNC	C1689
CL10B105KA8VPNC	C1688
CL10B105KA8VPNC	C1685
CL10B105KA8VPNC	C1684
CL10B105KA8VPNC	C1682
CL10B105KA8VPNC	C1680
CL10B105KA8VPNC	C1655
CL10B105KA8VPNC	C1476
CL10B105KA8VPNC	C1443
CL10B105KA8VPNC	C1434
CL10B105KA8VPNC	C1370
CL10B105KA8VPNC	C1269
CL10B105KA8VPNC	C1266
CL10B105KA8VPNC	C1262
CL10B105KA8VPNC	C1255
CL10B105KA8VPNC	C1254
CL10B105KA8VPNC	C1252
CL10B105KA8VPNC	C1250
CL10B105KA8VPNC	C1248
CL10B105KA8VPNC	C1247
CL10B105KA8VPNC	C1246
CL10B105KA8VPNC	C1242
CL10B105KA8VPNC	C1234
CL10B105KA8VPNC	C1233
CL10B105KA8VPNC	C1223
CL10B105KA8VPNC	C1222
CL10B105KA8VPNC	C1217
CL10B105KA8VPNC	C1216
CL10B105KA8VPNC	C1205
CL10B105KA8VPNC	C1201
CL10B105KA8VPNC	C1195
CL10B105KA8VPNC	C1186
CL10B105KA8VPNC	C1183
CL10B105KA8VPNC	C1145
CL10B105KA8VPNC	C809
CL10B105KA8VPNC	C807
CL10B105KA8VPNC	C723
CL10B105KA8VPNC	C718
CL10B105KA8VPNC	C695
CL10B105KA8VPNC	C632
CL10B105KA8VPNC	C631
CL10B105KA8VPNC	C630
CL10B105KA8VPNC	C629
CL10B105KA8VPNC	C574
CL10B105KA8VPNC	C572
CL10B105KA8VPNC	C570
CL10B105KA8VPNC	C568
CL10B105KA8VPNC	C549
CL10B105KA8VPNC	C545
CL10B105KA8VPNC	C539
CL10B105KA8VPNC	C537
CL10B105KA8VPNC	C526
CL10B105KA8VPNC	C520
CL10B105KA8VPNC	C518
CL10B105KA8VPNC	C516
CL10B105KA8VPNC	C514
CL10B105KA8VPNC	C512
CL10B105KA8VPNC	C510
CL10B105KA8VPNC	C508
CL10B105KA8VPNC	C506
CL10B105KA8VPNC	C505
CL10B105KA8VPNC	C502
CL10B105KA8VPNC	C496
CL10B105KA8VPNC	C494
CL10B105KA8VPNC	C492
CL10B105KA8VPNC	C490
CL10B105KA8VPNC	C489
CL10B105KA8VPNC	C479
CL10B105KA8VPNC	C477
CL10B105KA8VPNC	C476
CL10B105KA8VPNC	C474
CL10B105KA8VPNC	C472
CL10B105KA8VPNC	C470
CL10B105KA8VPNC	C468
CL10B105KA8VPNC	C466
CL10B105KA8VPNC	C427
CL10B105KA8VPNC	C422
CL10B105KA8VPNC	C420
CL10B105KA8VPNC	C354
CL10B105KA8VPNC	C341
CL10B105KA8VPNC	C161
CL10B105KA8VPNC	C159
CL10B105KA8VPNC	C157
CL10B105KA8VPNC	C155
CL10B105KA8VPNC	C153
CL10B105KA8VPNC	C151
CL10B105KA8VPNC	C150
CL10B105KA8VPNC	C148
CL10B105KA8VPNC	C130
CL10B105KA8VPNC	C129
CL10B105KA8VPNC	C127
CL10B105KA8VPNC	C125
CL10B105KA8VPNC	C121
CL10B105KA8VPNC	C119
CL10B105KA8VPNC	C117
CL10B105KA8VPNC	C115
CL10B105KA8VPNC	C113
CL10B105KA8VPNC	C111
CL10B105KA8VPNC	C109
CL10B105KA8VPNC	C105
CL10B105KA8VPNC	C103
CL10B105KA8VPNC	C102
CL10B105KA8VPNC	C94
CL10B105KA8VPNC	C88
CL10B105KA8VPNC	C84
CL10B105KA8VPNC	C69
CL10B105KA8VPNC	C67
CL10B105KA8VPNC	C65
CL10B105KA8VPNC	C63
CL10B105KA8VPNC	C38
CL10B105KA8VPNC	C37
CL10B105KA8VPNC	C36
CL10B105KA8VPNC	C35
CL10B105KA8VPNC	C20
CL10B105KA8VPNC	C10
TLMG1100-GS15	DS5
TLMG1100-GS15	DS4
TLMG1100-GS15	DS3
TLMG1100-GS15	DS2
TLMG1100-GS15	DS1
XGL6030-381MS	L909
XGL6030-381MS	L884
XGL6030-381MS	L77
XGL6030-381MS	L66
XQZU3EG-1SFRC784M	U4
TNPW06031K00BEEA	R94
0402DC-2N4XJRW	L933
0402DC-2N4XJRW	L932
0402DC-2N4XJRW	L931
0402DC-2N4XJRW	L930
0402DC-2N4XJRW	L929
0402DC-2N4XJRW	L928
0402DC-2N4XJRW	L927
0402DC-2N4XJRW	L926
0402DC-2N4XJRW	L925
0402DC-2N4XJRW	L924
0402DC-2N4XJRW	L923
0402DC-2N4XJRW	L922
0402DC-2N4XJRW	L921
0402DC-2N4XJRW	L920
0402DC-2N4XJRW	L919
0402DC-2N4XJRW	L918
0402DC-2N4XJRW	L917
0402DC-2N4XJRW	L916
0402DC-2N4XJRW	L915
0402DC-2N4XJRW	L914
0402DC-2N4XJRW	L913
0402DC-2N4XJRW	L912
0402DC-2N4XJRW	L911
0402DC-2N4XJRW	L910
0402DC-2N4XJRW	L908
0402DC-2N4XJRW	L907
0402DC-2N4XJRW	L906
0402DC-2N4XJRW	L905
0402DC-2N4XJRW	L904
0402DC-2N4XJRW	L903
0402DC-2N4XJRW	L902
0402DC-2N4XJRW	L901
0402DC-2N4XJRW	L900
0402DC-2N4XJRW	L899
0402DC-2N4XJRW	L898
0402DC-2N4XJRW	L897
0402DC-2N4XJRW	L896
0402DC-2N4XJRW	L895
0402DC-2N4XJRW	L894
0402DC-2N4XJRW	L893
0402DC-2N4XJRW	L892
0402DC-2N4XJRW	L891
0402DC-2N4XJRW	L890
0402DC-2N4XJRW	L889
0402DC-2N4XJRW	L888
0402DC-2N4XJRW	L887
0402DC-2N4XJRW	L886
0402DC-2N4XJRW	L885
0402DC-2N4XJRW	L883
0402DC-2N4XJRW	L882
0402DC-2N4XJRW	L881
0402DC-2N4XJRW	L880
0402DC-2N4XJRW	L879
0402DC-2N4XJRW	L878
0402DC-2N4XJRW	L877
0402DC-2N4XJRW	L876
0402DC-2N4XJRW	L875
0402DC-2N4XJRW	L874
0402DC-2N4XJRW	L873
0402DC-2N4XJRW	L872
0402DC-2N4XJRW	L871
0402DC-2N4XJRW	L870
0402DC-2N4XJRW	L869
0402DC-2N4XJRW	L868
0402DC-2N4XJRW	L864
0402DC-2N4XJRW	L863
0402DC-2N4XJRW	L862
0402DC-2N4XJRW	L861
0402DC-2N4XJRW	L860
0402DC-2N4XJRW	L859
0402DC-2N4XJRW	L858
0402DC-2N4XJRW	L857
0402DC-2N4XJRW	L856
0402DC-2N4XJRW	L855
0402DC-2N4XJRW	L854
0402DC-2N4XJRW	L853
0402DC-2N4XJRW	L852
0402DC-2N4XJRW	L851
0402DC-2N4XJRW	L850
0402DC-2N4XJRW	L849
0402DC-2N4XJRW	L848
0402DC-2N4XJRW	L847
0402DC-2N4XJRW	L846
0402DC-2N4XJRW	L845
0402DC-2N4XJRW	L844
0402DC-2N4XJRW	L843
0402DC-2N4XJRW	L842
0402DC-2N4XJRW	L841
0402DC-2N4XJRW	L840
0402DC-2N4XJRW	L839
0402DC-2N4XJRW	L838
0402DC-2N4XJRW	L837
0402DC-2N4XJRW	L836
0402DC-2N4XJRW	L835
0402DC-2N4XJRW	L834
0402DC-2N4XJRW	L833
0402DC-2N4XJRW	L832
0402DC-2N4XJRW	L831
0402DC-2N4XJRW	L830
0402DC-2N4XJRW	L829
0402DC-2N4XJRW	L828
0402DC-2N4XJRW	L827
0402DC-2N4XJRW	L826
0402DC-2N4XJRW	L825
0402DC-2N4XJRW	L824
0402DC-2N4XJRW	L823
0402DC-2N4XJRW	L822
0402DC-2N4XJRW	L821
0402DC-2N4XJRW	L820
0402DC-2N4XJRW	L819
0402DC-2N4XJRW	L818
0402DC-2N4XJRW	L817
0402DC-2N4XJRW	L816
0402DC-2N4XJRW	L815
0402DC-2N4XJRW	L814
0402DC-2N4XJRW	L813
0402DC-2N4XJRW	L812
0402DC-2N4XJRW	L811
0402DC-2N4XJRW	L810
0402DC-2N4XJRW	L809
0402DC-2N4XJRW	L808
0402DC-2N4XJRW	L807
0402DC-2N4XJRW	L806
0402DC-2N4XJRW	L805
0402DC-2N4XJRW	L804
0402DC-2N4XJRW	L803
0402DC-2N4XJRW	L802
0402DC-2N4XJRW	L801
NRVB1H100SFT3G	D34
NRVB1H100SFT3G	D27
NRVB1H100SFT3G	D21
NRVB1H100SFT3G	D18
NRVB1H100SFT3G	D2
MT25QU01GBBB8ESF-0AAT	U82
MT25QU01GBBB8ESF-0AAT	U32
MT25QU01GBBB8ESF-0AAT	U29
TPS51200MDRCTEP	U88
TPS51200MDRCTEP	U40
4N1G72T-24B2M	U11
4N1G72T-24B2M	U7
C0603C271J5GACAUTO	C1231
C0603C271J5GACAUTO	C162
TNPW0402499RBEED	R1231
TNPW0402499RBEED	R1028
TNPW0402499RBEED	R368
TNPW06036K49BETA	R1443
TNPW06036K49BETA	R1262
TNPW06036K49BETA	R1232
TNPW06036K49BETA	R1054
TNPW06036K49BETA	R104
RNCF0402BTE13R0	R1640
RNCF0402BTE13R0	R1639
RNCF0402BTE13R0	R1637
RNCF0402BTE13R0	R1636
RNCF0402BTE13R0	R1634
RNCF0402BTE13R0	R1633
RNCF0402BTE13R0	R1631
RNCF0402BTE13R0	R1630
RNCF0402BTE13R0	R1500
RNCF0402BTE13R0	R1499
RNCF0402BTE13R0	R1497
RNCF0402BTE13R0	R1496
RNCF0402BTE13R0	R1494
RNCF0402BTE13R0	R1493
RNCF0402BTE13R0	R1491
RNCF0402BTE13R0	R1490
RNCF0402BTE13R0	R1468
RNCF0402BTE13R0	R1465
RNCF0402BTE13R0	R1464
RNCF0402BTE13R0	R1463
RNCF0402BTE13R0	R1462
RNCF0402BTE13R0	R1461
RNCF0402BTE13R0	R1460
RNCF0402BTE13R0	R1459
RNCF0402BTE13R0	R1426
RNCF0402BTE13R0	R1425
RNCF0402BTE13R0	R1409
RNCF0402BTE13R0	R1406
RNCF0402BTE13R0	R1405
RNCF0402BTE13R0	R1404
RNCF0402BTE13R0	R1402
RNCF0402BTE13R0	R1401
RNCF0402BTE13R0	R1397
RNCF0402BTE13R0	R1396
RNCF0402BTE13R0	R1394
RNCF0402BTE13R0	R1393
RNCF0402BTE13R0	R1391
RNCF0402BTE13R0	R1390
RNCF0402BTE13R0	R1388
RNCF0402BTE13R0	R1387
RNCF0402BTE13R0	R1375
RNCF0402BTE13R0	R1374
RNCF0402BTE13R0	R1373
RNCF0402BTE13R0	R1372
RNCF0402BTE13R0	R1371
RNCF0402BTE13R0	R1351
RNCF0402BTE13R0	R1350
RNCF0402BTE13R0	R1347
RNCF0402BTE13R0	R1328
RNCF0402BTE13R0	R1327
RNCF0402BTE13R0	R1326
RNCF0402BTE13R0	R1325
RNCF0402BTE13R0	R1324
RNCF0402BTE13R0	R1323
RNCF0402BTE13R0	R1314
RNCF0402BTE13R0	R1309
RNCF0402BTE13R0	R1304
RNCF0402BTE13R0	R1303
RNCF0402BTE13R0	R1301
RNCF0402BTE13R0	R1300
RNCF0402BTE13R0	R1298
RNCF0402BTE13R0	R1297
RNCF0402BTE13R0	R1295
RNCF0402BTE13R0	R1294
RNCF0402BTE13R0	R1197
RNCF0402BTE13R0	R1196
RNCF0402BTE13R0	R1194
RNCF0402BTE13R0	R1193
RNCF0402BTE13R0	R1191
RNCF0402BTE13R0	R1190
RNCF0402BTE13R0	R1188
RNCF0402BTE13R0	R1187
RNCF0402BTE13R0	R1183
RNCF0402BTE13R0	R1178
RNCF0402BTE13R0	R1164
RNCF0402BTE13R0	R1163
RNCF0402BTE13R0	R1162
RNCF0402BTE13R0	R1161
RNCF0402BTE13R0	R1160
RNCF0402BTE13R0	R1159
RNCF0402BTE13R0	R1154
RNCF0402BTE13R0	R1151
RNCF0402BTE13R0	R1150
RNCF0402BTE13R0	R1135
RNCF0402BTE13R0	R1134
RNCF0402BTE13R0	R1133
RNCF0402BTE13R0	R1132
RNCF0402BTE13R0	R1131
RNCF0402BTE13R0	R1121
RNCF0402BTE13R0	R1120
RNCF0402BTE13R0	R1118
RNCF0402BTE13R0	R1117
RNCF0402BTE13R0	R1115
RNCF0402BTE13R0	R1114
RNCF0402BTE13R0	R1112
RNCF0402BTE13R0	R1111
RNCF0402BTE13R0	R1105
RNCF0402BTE13R0	R1104
RNCF0402BTE13R0	R1102
RNCF0402BTE13R0	R1101
RNCF0402BTE13R0	R1100
RNCF0402BTE13R0	R1097
RNCF0402BTE13R0	R1081
RNCF0402BTE13R0	R1080
RNCF0402BTE13R0	R1053
RNCF0402BTE13R0	R1052
RNCF0402BTE13R0	R1051
RNCF0402BTE13R0	R1050
RNCF0402BTE13R0	R1049
RNCF0402BTE13R0	R1048
RNCF0402BTE13R0	R1047
RNCF0402BTE13R0	R1043
RNCF0402BTE13R0	R1017
RNCF0402BTE13R0	R1016
RNCF0402BTE13R0	R1014
RNCF0402BTE13R0	R1013
RNCF0402BTE13R0	R1011
RNCF0402BTE13R0	R1010
RNCF0402BTE13R0	R1008
RNCF0402BTE13R0	R1007
RNCF0402BTE13R0	R877
RNCF0402BTE13R0	R876
RNCF0402BTE13R0	R874
RNCF0402BTE13R0	R873
RNCF0402BTE13R0	R871
RNCF0402BTE13R0	R870
RNCF0402BTE13R0	R868
RNCF0402BTE13R0	R867
RNCF0402BTE13R0	R533
RNCF0402BTE13R0	R252
RNCF0402BTE13R0	R223
C0805C104J1RACAUTO	C1704
C0805C104J1RACAUTO	C1257
C0805C104J1RACAUTO	C1226
C0805C104J1RACAUTO	C1212
C0805C104J1RACAUTO	C1207
C0805C104J1RACAUTO	C729
C0805C104J1RACAUTO	C728
C0805C104J1RACAUTO	C657
C0805C104J1RACAUTO	C430
C0805C104J1RACAUTO	C211
C0805C104J1RACAUTO	C203
TXS0104EQPWRQ1	U110
TXS0104EQPWRQ1	U93
TXS0104EQPWRQ1	U86
TXS0104EQPWRQ1	U78
TXS0104EQPWRQ1	U67
TXS0104EQPWRQ1	U43
TXS0104EQPWRQ1	U17
C0402C103J5RACAUTO	C1696
C0402C103J5RACAUTO	C1694
C0402C103J5RACAUTO	C1693
C0402C103J5RACAUTO	C1629
C0402C103J5RACAUTO	C1628
C0402C103J5RACAUTO	C1627
C0402C103J5RACAUTO	C1626
C0402C103J5RACAUTO	C1565
C0402C103J5RACAUTO	C1564
C0402C103J5RACAUTO	C1563
C0402C103J5RACAUTO	C1562
C0402C103J5RACAUTO	C1545
C0402C103J5RACAUTO	C1543
C0402C103J5RACAUTO	C1542
C0402C103J5RACAUTO	C1540
C0402C103J5RACAUTO	C1499
C0402C103J5RACAUTO	C1483
C0402C103J5RACAUTO	C1480
C0402C103J5RACAUTO	C1478
C0402C103J5RACAUTO	C1436
C0402C103J5RACAUTO	C1435
C0402C103J5RACAUTO	C1427
C0402C103J5RACAUTO	C1426
C0402C103J5RACAUTO	C1425
C0402C103J5RACAUTO	C1424
C0402C103J5RACAUTO	C1413
C0402C103J5RACAUTO	C1406
C0402C103J5RACAUTO	C1373
C0402C103J5RACAUTO	C1372
C0402C103J5RACAUTO	C1371
C0402C103J5RACAUTO	C1345
C0402C103J5RACAUTO	C1300
C0402C103J5RACAUTO	C1299
C0402C103J5RACAUTO	C1298
C0402C103J5RACAUTO	C1297
C0402C103J5RACAUTO	C1241
C0402C103J5RACAUTO	C1198
C0402C103J5RACAUTO	C1170
C0402C103J5RACAUTO	C1169
C0402C103J5RACAUTO	C1168
C0402C103J5RACAUTO	C1167
C0402C103J5RACAUTO	C1142
C0402C103J5RACAUTO	C1131
C0402C103J5RACAUTO	C1114
C0402C103J5RACAUTO	C1113
C0402C103J5RACAUTO	C1088
C0402C103J5RACAUTO	C1081
C0402C103J5RACAUTO	C1070
C0402C103J5RACAUTO	C1069
C0402C103J5RACAUTO	C1068
C0402C103J5RACAUTO	C1067
C0402C103J5RACAUTO	C1066
C0402C103J5RACAUTO	C1065
C0402C103J5RACAUTO	C1033
C0402C103J5RACAUTO	C1031
C0402C103J5RACAUTO	C1028
C0402C103J5RACAUTO	C1026
C0402C103J5RACAUTO	C970
C0402C103J5RACAUTO	C968
C0402C103J5RACAUTO	C967
C0402C103J5RACAUTO	C965
C0402C103J5RACAUTO	C940
C0402C103J5RACAUTO	C939
C0402C103J5RACAUTO	C938
C0402C103J5RACAUTO	C937
C0402C103J5RACAUTO	C871
C0402C103J5RACAUTO	C870
C0402C103J5RACAUTO	C869
C0402C103J5RACAUTO	C868
C0402C103J5RACAUTO	C727
C0402C103J5RACAUTO	C726
C0402C103J5RACAUTO	C722
C0402C103J5RACAUTO	C720
C0402C103J5RACAUTO	C716
C0402C103J5RACAUTO	C701
C0402C103J5RACAUTO	C696
C0402C103J5RACAUTO	C664
C0402C103J5RACAUTO	C661
C0402C103J5RACAUTO	C621
C0402C103J5RACAUTO	C620
C0402C103J5RACAUTO	C619
C0402C103J5RACAUTO	C618
C0402C103J5RACAUTO	C617
C0402C103J5RACAUTO	C616
C0402C103J5RACAUTO	C615
C0402C103J5RACAUTO	C614
C0402C103J5RACAUTO	C613
C0402C103J5RACAUTO	C612
C0402C103J5RACAUTO	C611
C0402C103J5RACAUTO	C610
C0402C103J5RACAUTO	C609
C0402C103J5RACAUTO	C608
C0402C103J5RACAUTO	C607
C0402C103J5RACAUTO	C606
C0402C103J5RACAUTO	C605
C0402C103J5RACAUTO	C604
C0402C103J5RACAUTO	C603
C0402C103J5RACAUTO	C602
C0402C103J5RACAUTO	C601
C0402C103J5RACAUTO	C600
C0402C103J5RACAUTO	C599
C0402C103J5RACAUTO	C598
C0402C103J5RACAUTO	C597
C0402C103J5RACAUTO	C596
C0402C103J5RACAUTO	C595
C0402C103J5RACAUTO	C594
C0402C103J5RACAUTO	C593
C0402C103J5RACAUTO	C592
C0402C103J5RACAUTO	C591
C0402C103J5RACAUTO	C590
C0402C103J5RACAUTO	C589
C0402C103J5RACAUTO	C588
C0402C103J5RACAUTO	C587
C0402C103J5RACAUTO	C586
C0402C103J5RACAUTO	C585
C0402C103J5RACAUTO	C584
C0402C103J5RACAUTO	C583
C0402C103J5RACAUTO	C582
C0402C103J5RACAUTO	C581
C0402C103J5RACAUTO	C580
C0402C103J5RACAUTO	C579
C0402C103J5RACAUTO	C578
C0402C103J5RACAUTO	C577
C0402C103J5RACAUTO	C567
C0402C103J5RACAUTO	C566
C0402C103J5RACAUTO	C564
C0402C103J5RACAUTO	C559
C0402C103J5RACAUTO	C558
C0402C103J5RACAUTO	C557
C0402C103J5RACAUTO	C556
C0402C103J5RACAUTO	C553
C0402C103J5RACAUTO	C552
C0402C103J5RACAUTO	C522
C0402C103J5RACAUTO	C521
C0402C103J5RACAUTO	C500
C0402C103J5RACAUTO	C499
C0402C103J5RACAUTO	C449
C0402C103J5RACAUTO	C423
C0402C103J5RACAUTO	C415
C0402C103J5RACAUTO	C414
C0402C103J5RACAUTO	C413
C0402C103J5RACAUTO	C412
C0402C103J5RACAUTO	C411
C0402C103J5RACAUTO	C410
C0402C103J5RACAUTO	C409
C0402C103J5RACAUTO	C408
C0402C103J5RACAUTO	C407
C0402C103J5RACAUTO	C406
C0402C103J5RACAUTO	C405
C0402C103J5RACAUTO	C404
C0402C103J5RACAUTO	C403
C0402C103J5RACAUTO	C402
C0402C103J5RACAUTO	C401
C0402C103J5RACAUTO	C400
C0402C103J5RACAUTO	C399
C0402C103J5RACAUTO	C398
C0402C103J5RACAUTO	C397
C0402C103J5RACAUTO	C396
C0402C103J5RACAUTO	C395
C0402C103J5RACAUTO	C394
C0402C103J5RACAUTO	C393
C0402C103J5RACAUTO	C392
C0402C103J5RACAUTO	C391
C0402C103J5RACAUTO	C390
C0402C103J5RACAUTO	C389
C0402C103J5RACAUTO	C388
C0402C103J5RACAUTO	C387
C0402C103J5RACAUTO	C386
C0402C103J5RACAUTO	C385
C0402C103J5RACAUTO	C384
C0402C103J5RACAUTO	C383
C0402C103J5RACAUTO	C382
C0402C103J5RACAUTO	C381
C0402C103J5RACAUTO	C380
C0402C103J5RACAUTO	C376
C0402C103J5RACAUTO	C372
C0402C103J5RACAUTO	C371
C0402C103J5RACAUTO	C370
C0402C103J5RACAUTO	C369
C0402C103J5RACAUTO	C368
C0402C103J5RACAUTO	C367
C0402C103J5RACAUTO	C366
C0402C103J5RACAUTO	C365
C0402C103J5RACAUTO	C356
C0402C103J5RACAUTO	C355
C0402C103J5RACAUTO	C348
C0402C103J5RACAUTO	C347
C0402C103J5RACAUTO	C346
C0402C103J5RACAUTO	C345
C0402C103J5RACAUTO	C342
C0402C103J5RACAUTO	C340
C0402C103J5RACAUTO	C339
C0402C103J5RACAUTO	C338
C0402C103J5RACAUTO	C337
C0402C103J5RACAUTO	C333
C0402C103J5RACAUTO	C328
C0402C103J5RACAUTO	C327
C0402C103J5RACAUTO	C326
C0402C103J5RACAUTO	C322
C0402C103J5RACAUTO	C321
C0402C103J5RACAUTO	C320
C0402C103J5RACAUTO	C319
C0402C103J5RACAUTO	C311
C0402C103J5RACAUTO	C310
C0402C103J5RACAUTO	C309
C0402C103J5RACAUTO	C308
C0402C103J5RACAUTO	C304
C0402C103J5RACAUTO	C303
C0402C103J5RACAUTO	C302
C0402C103J5RACAUTO	C301
C0402C103J5RACAUTO	C300
C0402C103J5RACAUTO	C299
C0402C103J5RACAUTO	C298
C0402C103J5RACAUTO	C297
C0402C103J5RACAUTO	C296
C0402C103J5RACAUTO	C287
C0402C103J5RACAUTO	C259
C0402C103J5RACAUTO	C236
C0402C103J5RACAUTO	C235
C0402C103J5RACAUTO	C234
C0402C103J5RACAUTO	C231
C0402C103J5RACAUTO	C224
C0402C103J5RACAUTO	C223
C0402C103J5RACAUTO	C222
C0402C103J5RACAUTO	C219
C0402C103J5RACAUTO	C212
C0402C103J5RACAUTO	C204
C0402C103J5RACAUTO	C163
C0402C103J5RACAUTO	C122
C0402C103J5RACAUTO	C118
C0402C103J5RACAUTO	C104
C0402C103J5RACAUTO	C101
C0402C103J5RACAUTO	C77
C0402C103J5RACAUTO	C74
C0402C103J5RACAUTO	C73
C0402C103J5RACAUTO	C71
C0402C103J5RACAUTO	C70
C0402C103J5RACAUTO	C60
XQVU13P-1FIQD2104I	U10
LMK04828SNKDTEP	U77
T54EE226M063ESA100	C1229
T54EE226M063ESA100	C1228
T54EE226M063ESA100	C707
T54EE226M063ESA100	C359
T54EE226M063ESA100	C216
T54EE226M063ESA100	C213
TNPW060360K4BEEA	R451
TNPW060360K4BEEA	R411
TNPW060360K4BEEA	R334
TNPW060360K4BEEA	R319
TNPW060360K4BEEA	R155
TNPW060360K4BEEA	R152
TNPW060360K4BEEA	R148
TNPW060360K4BEEA	R145
BSP170PH6327XTSA1	Q3
SBC846BWT1G	Q1
TNPW06031K87BEE	R528
TNPW06031K87BEE	R527
TNPW06031K87BEE	R341
TNPW06031K87BEE	R340
TNPW06031K87BEE	R325
SQ2362CES-T1_GE3	Q4
SN55HVD75DRBREP	U876
SN55HVD75DRBREP	U875
SN55HVD75DRBREP	U838
SN55HVD75DRBREP	U802
SN55HVD75DRBREP	U801
SN55HVD75DRBREP	U800
SN55HVD75DRBREP	U140
SN55HVD75DRBREP	U139
SN55HVD75DRBREP	U137
SN55HVD75DRBREP	U135
SN55HVD75DRBREP	U132
SN55HVD75DRBREP	U131
SN55HVD75DRBREP	U130
SN55HVD75DRBREP	U128
SN55HVD75DRBREP	U127
SN55HVD75DRBREP	U125
SN55HVD75DRBREP	U123
SN55HVD75DRBREP	U120
SN55HVD75DRBREP	U119
SN55HVD75DRBREP	U118
SN55HVD75DRBREP	U117
SN55HVD75DRBREP	U113
SN55HVD75DRBREP	U112
SN55HVD75DRBREP	U111
SN55HVD75DRBREP	U106
SN55HVD75DRBREP	U105
SN55HVD75DRBREP	U103
SN55HVD75DRBREP	U102
SN55HVD75DRBREP	U101
SN55HVD75DRBREP	U100
SN55HVD75DRBREP	U99
SN55HVD75DRBREP	U98
SN55HVD75DRBREP	U97
SN55HVD75DRBREP	U96
SN55HVD75DRBREP	U95
SN55HVD75DRBREP	U66
SN55HVD75DRBREP	U65
SN55HVD75DRBREP	U64
SN55HVD75DRBREP	U63
SN55HVD75DRBREP	U62
SN55HVD75DRBREP	U61
SN55HVD75DRBREP	U60
SN55HVD75DRBREP	U59
SN55HVD75DRBREP	U58
SN55HVD75DRBREP	U57
SN55HVD75DRBREP	U56
SN55HVD75DRBREP	U55
SN55HVD75DRBREP	U54
SN55HVD75DRBREP	U52
SN55HVD75DRBREP	U51
SN55HVD75DRBREP	U50
SN55HVD75DRBREP	U49
SN55HVD75DRBREP	U38
SN55HVD75DRBREP	U28
SN55HVD75DRBREP	U27
SN55HVD75DRBREP	U25
SN55HVD75DRBREP	U24
SN55HVD75DRBREP	U23
SN55HVD75DRBREP	U22
SN55HVD75DRBREP	U21
SN55HVD75DRBREP	U20
SN55HVD75DRBREP	U19
SN55HVD75DRBREP	U18
SN55HVD75DRBREP	U16
SN55HVD75DRBREP	U15
SN55HVD75DRBREP	U14
SN55HVD75DRBREP	U13
SN55HVD75DRBREP	U9
SN55HVD75DRBREP	U8
SN55HVD75DRBREP	U6
SN55HVD75DRBREP	U5
SN55HVD75DRBREP	U3
SN55HVD75DRBREP	U2
SN55HVD75DRBREP	U1
SN74LVC8T245MPWREP	U138
SN74LVC8T245MPWREP	U134
SN74LVC8T245MPWREP	U126
SN74LVC8T245MPWREP	U109
SN74LVC8T245MPWREP	U91
SN74LVC8T245MPWREP	U90
SN74LVC8T245MPWREP	U87
SN74LVC8T245MPWREP	U83
SN74LVC8T245MPWREP	U81
SN74LVC8T245MPWREP	U80
SN74LVC8T245MPWREP	U72
SN74LVC8T245MPWREP	U71
SN74LVC8T245MPWREP	U70
SN74LVC8T245MPWREP	U68
SN74LVC8T245MPWREP	U42
SN74LVC8T245MPWREP	U41
SN74LVC8T245MPWREP	U26
BMI-S-204-F	J72
BMI-S-204-F	J71
BMI-S-204-F	J70
BMI-S-204-F	J69
BMI-S-204-F	J68
BMI-S-204-F	J67
BMI-S-204-F	J66
BMI-S-204-F	J65
BMI-S-204-F	J64
BMI-S-204-F	J63
BMI-S-204-F	J62
BMI-S-204-F	J61
BMI-S-204-F	J60
BMI-S-204-F	J59
BMI-S-204-F	J58
BMI-S-204-F	J57
SiT5147AE-FK-33E0A100.000000	Y9
AM26LV31ESDREP	U839
AM26LV31ESDREP	U837
AM26LV31ESDREP	U136
AM26LV31ESDREP	U36
JANTX2N2222AUB	Q2
CRCW06034k70FKEA	R1724
CRCW06034k70FKEA	R1722
CRCW06034k70FKEA	R1712
CRCW06034k70FKEA	R1711
CRCW06034k70FKEA	R1710
CRCW06034k70FKEA	R1709
CRCW06034k70FKEA	R1703
CRCW06034k70FKEA	R1702
CRCW06034k70FKEA	R1700
CRCW06034k70FKEA	R1671
CRCW06034k70FKEA	R1670
CRCW06034k70FKEA	R1641
CRCW06034k70FKEA	R1638
CRCW06034k70FKEA	R1635
CRCW06034k70FKEA	R1632
CRCW06034k70FKEA	R1501
CRCW06034k70FKEA	R1498
CRCW06034k70FKEA	R1495
CRCW06034k70FKEA	R1492
CRCW06034k70FKEA	R1472
CRCW06034k70FKEA	R1471
CRCW06034k70FKEA	R1470
CRCW06034k70FKEA	R1451
CRCW06034k70FKEA	R1449
CRCW06034k70FKEA	R1447
CRCW06034k70FKEA	R1445
CRCW06034k70FKEA	R1439
CRCW06034k70FKEA	R1408
CRCW06034k70FKEA	R1403
CRCW06034k70FKEA	R1398
CRCW06034k70FKEA	R1395
CRCW06034k70FKEA	R1392
CRCW06034k70FKEA	R1389
CRCW06034k70FKEA	R1386
CRCW06034k70FKEA	R1383
CRCW06034k70FKEA	R1381
CRCW06034k70FKEA	R1353
CRCW06034k70FKEA	R1349
CRCW06034k70FKEA	R1342
CRCW06034k70FKEA	R1340
CRCW06034k70FKEA	R1316
CRCW06034k70FKEA	R1313
CRCW06034k70FKEA	R1311
CRCW06034k70FKEA	R1308
CRCW06034k70FKEA	R1305
CRCW06034k70FKEA	R1302
CRCW06034k70FKEA	R1299
CRCW06034k70FKEA	R1296
CRCW06034k70FKEA	R1260
CRCW06034k70FKEA	R1258
CRCW06034k70FKEA	R1255
CRCW06034k70FKEA	R1254
CRCW06034k70FKEA	R1253
CRCW06034k70FKEA	R1252
CRCW06034k70FKEA	R1251
CRCW06034k70FKEA	R1250
CRCW06034k70FKEA	R1249
CRCW06034k70FKEA	R1248
CRCW06034k70FKEA	R1243
CRCW06034k70FKEA	R1237
CRCW06034k70FKEA	R1236
CRCW06034k70FKEA	R1234
CRCW06034k70FKEA	R1195
CRCW06034k70FKEA	R1192
CRCW06034k70FKEA	R1189
CRCW06034k70FKEA	R1186
CRCW06034k70FKEA	R1184
CRCW06034k70FKEA	R1181
CRCW06034k70FKEA	R1179
CRCW06034k70FKEA	R1157
CRCW06034k70FKEA	R1155
CRCW06034k70FKEA	R1152
CRCW06034k70FKEA	R1148
CRCW06034k70FKEA	R1125
CRCW06034k70FKEA	R1122
CRCW06034k70FKEA	R1119
CRCW06034k70FKEA	R1116
CRCW06034k70FKEA	R1113
CRCW06034k70FKEA	R1110
CRCW06034k70FKEA	R1106
CRCW06034k70FKEA	R1103
CRCW06034k70FKEA	R1098
CRCW06034k70FKEA	R1065
CRCW06034k70FKEA	R1063
CRCW06034k70FKEA	R1061
CRCW06034k70FKEA	R1059
CRCW06034k70FKEA	R1018
CRCW06034k70FKEA	R1015
CRCW06034k70FKEA	R1012
CRCW06034k70FKEA	R1009
CRCW06034k70FKEA	R1006
CRCW06034k70FKEA	R875
CRCW06034k70FKEA	R872
CRCW06034k70FKEA	R869
CRCW06034k70FKEA	R866
CRCW06034k70FKEA	R807
CRCW06034k70FKEA	R806
CRCW06034k70FKEA	R805
CRCW06034k70FKEA	R804
CRCW06034k70FKEA	R534
CRCW06034k70FKEA	R525
CRCW06034k70FKEA	R524
CRCW06034k70FKEA	R523
CRCW06034k70FKEA	R522
CRCW06034k70FKEA	R521
CRCW06034k70FKEA	R520
CRCW06034k70FKEA	R519
CRCW06034k70FKEA	R518
CRCW06034k70FKEA	R517
CRCW06034k70FKEA	R516
CRCW06034k70FKEA	R515
CRCW06034k70FKEA	R514
CRCW06034k70FKEA	R513
CRCW06034k70FKEA	R512
CRCW06034k70FKEA	R511
CRCW06034k70FKEA	R510
CRCW06034k70FKEA	R509
CRCW06034k70FKEA	R508
CRCW06034k70FKEA	R507
CRCW06034k70FKEA	R506
CRCW06034k70FKEA	R505
CRCW06034k70FKEA	R504
CRCW06034k70FKEA	R503
CRCW06034k70FKEA	R502
CRCW06034k70FKEA	R501
CRCW06034k70FKEA	R500
CRCW06034k70FKEA	R499
CRCW06034k70FKEA	R498
CRCW06034k70FKEA	R497
CRCW06034k70FKEA	R496
CRCW06034k70FKEA	R495
CRCW06034k70FKEA	R494
CRCW06034k70FKEA	R493
CRCW06034k70FKEA	R474
CRCW06034k70FKEA	R468
CRCW06034k70FKEA	R433
CRCW06034k70FKEA	R432
CRCW06034k70FKEA	R405
CRCW06034k70FKEA	R404
CRCW06034k70FKEA	R403
CRCW06034k70FKEA	R382
CRCW06034k70FKEA	R381
CRCW06034k70FKEA	R370
CRCW06034k70FKEA	R326
CRCW06034k70FKEA	R300
CRCW06034k70FKEA	R299
CRCW06034k70FKEA	R298
CRCW06034k70FKEA	R297
CRCW06034k70FKEA	R296
CRCW06034k70FKEA	R295
CRCW06034k70FKEA	R294
CRCW06034k70FKEA	R293
CRCW06034k70FKEA	R292
CRCW06034k70FKEA	R270
CRCW06034k70FKEA	R261
CRCW06034k70FKEA	R253
CRCW06034k70FKEA	R242
CRCW06034k70FKEA	R204
CRCW06034k70FKEA	R189
CRCW06034k70FKEA	R169
CRCW06034k70FKEA	R107
CRCW06034k70FKEA	R99
CRCW06034k70FKEA	R98
CRCW06034k70FKEA	R96
CRCW06034k70FKEA	R95
CRCW06034k70FKEA	R71
CRCW06034k70FKEA	R70
CRCW06034k70FKEA	R69
CRCW06034k70FKEA	R68
CRCW06034k70FKEA	R8
TMP117AIDRVR	U35
NCS2-222+	T863
NCS2-222+	T862
NCS2-222+	T861
NCS2-222+	T860
NCS2-222+	T859
NCS2-222+	T858
NCS2-222+	T857
NCS2-222+	T856
NCS2-222+	T855
NCS2-222+	T854
NCS2-222+	T853
NCS2-222+	T852
NCS2-222+	T851
NCS2-222+	T850
NCS2-222+	T849
NCS2-222+	T848
NCS2-222+	T847
NCS2-222+	T846
NCS2-222+	T845
NCS2-222+	T844
NCS2-222+	T843
NCS2-222+	T842
NCS2-222+	T841
NCS2-222+	T840
NCS2-222+	T839
NCS2-222+	T838
NCS2-222+	T837
NCS2-222+	T836
NCS2-222+	T835
NCS2-222+	T834
NCS2-222+	T833
NCS2-222+	T832
NCS2-222+	T831
NCS2-222+	T830
NCS2-222+	T829
NCS2-222+	T828
NCS2-222+	T827
NCS2-222+	T826
NCS2-222+	T825
NCS2-222+	T824
NCS2-222+	T823
NCS2-222+	T822
NCS2-222+	T821
NCS2-222+	T820
NCS2-222+	T819
NCS2-222+	T818
NCS2-222+	T817
NCS2-222+	T816
NCS2-222+	T815
NCS2-222+	T814
NCS2-222+	T813
NCS2-222+	T812
NCS2-222+	T811
NCS2-222+	T810
NCS2-222+	T809
NCS2-222+	T808
NCS2-222+	T807
NCS2-222+	T806
NCS2-222+	T805
NCS2-222+	T804
NCS2-222+	T803
NCS2-222+	T802
NCS2-222+	T801
NCS2-222+	T800
T598X337M010ATE025	C425
T598X337M010ATE025	C269
T598X337M010ATE025	C186
T598X337M010ATE025	C143
T510E107K025ATA050	C1511
T510E107K025ATA050	C1331
T510E107K025ATA050	C1221
T510E107K025ATA050	C684
T510E107K025ATA050	C675
T510E107K025ATA050	C650
T510E107K025ATA050	C649
T510E107K025ATA050	C644
T510E107K025ATA050	C542
T510E107K025ATA050	C541
T510E107K025ATA050	C483
T510E107K025ATA050	C482
T510E107K025ATA050	C481
T510E107K025ATA050	C480
T510E107K025ATA050	C440
T510E107K025ATA050	C439
T510E107K025ATA050	C424
T510E107K025ATA050	C362
T510E107K025ATA050	C306
T510E107K025ATA050	C262
T510E107K025ATA050	C207
T510E107K025ATA050	C206
T510E107K025ATA050	C200
T510E107K025ATA050	C199
T510E107K025ATA050	C169
CRCW040249R9FKE	R1601
CRCW040249R9FKE	R1600
CRCW040249R9FKE	R1599
CRCW040249R9FKE	R1598
CRCW040249R9FKE	R1485
CRCW040249R9FKE	R1484
CRCW040249R9FKE	R1483
CRCW040249R9FKE	R1482
CRCW040249R9FKE	R1450
CRCW040249R9FKE	R1448
CRCW040249R9FKE	R1446
CRCW040249R9FKE	R1444
CRCW040249R9FKE	R1407
CRCW040249R9FKE	R1385
CRCW040249R9FKE	R1384
CRCW040249R9FKE	R1382
CRCW040249R9FKE	R1365
CRCW040249R9FKE	R1364
CRCW040249R9FKE	R1363
CRCW040249R9FKE	R1362
CRCW040249R9FKE	R1352
CRCW040249R9FKE	R1348
CRCW040249R9FKE	R1341
CRCW040249R9FKE	R1339
CRCW040249R9FKE	R1315
CRCW040249R9FKE	R1312
CRCW040249R9FKE	R1310
CRCW040249R9FKE	R1307
CRCW040249R9FKE	R1282
CRCW040249R9FKE	R1281
CRCW040249R9FKE	R1280
CRCW040249R9FKE	R1279
CRCW040249R9FKE	R1213
CRCW040249R9FKE	R1212
CRCW040249R9FKE	R1211
CRCW040249R9FKE	R1210
CRCW040249R9FKE	R1185
CRCW040249R9FKE	R1182
CRCW040249R9FKE	R1180
CRCW040249R9FKE	R1177
CRCW040249R9FKE	R1158
CRCW040249R9FKE	R1156
CRCW040249R9FKE	R1153
CRCW040249R9FKE	R1149
CRCW040249R9FKE	R1139
CRCW040249R9FKE	R1138
CRCW040249R9FKE	R1137
CRCW040249R9FKE	R1136
CRCW040249R9FKE	R1126
CRCW040249R9FKE	R1124
CRCW040249R9FKE	R1123
CRCW040249R9FKE	R1099
CRCW040249R9FKE	R1066
CRCW040249R9FKE	R1064
CRCW040249R9FKE	R1062
CRCW040249R9FKE	R1060
CRCW040249R9FKE	R1032
CRCW040249R9FKE	R1031
CRCW040249R9FKE	R1030
CRCW040249R9FKE	R1029
CRCW040249R9FKE	R913
CRCW040249R9FKE	R912
CRCW040249R9FKE	R911
CRCW040249R9FKE	R910
LTC7852IUFD-1#PBF	U48
TNPW06032K15BETA	R1716
TNPW06032K15BETA	R1713
TNPW06032K15BETA	R482
TNPW06032K15BETA	R455
TNPW06032K15BETA	R395
TNPW06032K15BETA	R343
TNPW06032K15BETA	R243
TNPW06032K15BETA	R240
TNPW06032K15BETA	R239
TNPW06032K15BETA	R173
TNPW06032K15BETA	R161
TNPW06032K15BETA	R125
TNPW06032K15BETA	R124
TNPW06032K15BETA	R102
CRCW04020000Z0ED	R1699
CRCW04020000Z0ED	R1698
CRCW04020000Z0ED	R1696
CRCW04020000Z0ED	R1695
CRCW04020000Z0ED	R1694
CRCW04020000Z0ED	R1693
CRCW04020000Z0ED	R1692
CRCW04020000Z0ED	R1691
CRCW04020000Z0ED	R1689
CRCW04020000Z0ED	R1688
CRCW04020000Z0ED	R1687
CRCW04020000Z0ED	R1686
CRCW04020000Z0ED	R1685
CRCW04020000Z0ED	R1684
CRCW04020000Z0ED	R1682
CRCW04020000Z0ED	R1681
CRCW04020000Z0ED	R1680
CRCW04020000Z0ED	R1679
CRCW04020000Z0ED	R1678
CRCW04020000Z0ED	R1677
CRCW04020000Z0ED	R1675
CRCW04020000Z0ED	R1674
CRCW04020000Z0ED	R1673
CRCW04020000Z0ED	R1672
CRCW04020000Z0ED	R1665
CRCW04020000Z0ED	R1663
CRCW04020000Z0ED	R1662
CRCW04020000Z0ED	R1660
CRCW04020000Z0ED	R1659
CRCW04020000Z0ED	R1657
CRCW04020000Z0ED	R1656
CRCW04020000Z0ED	R1654
CRCW04020000Z0ED	R1653
CRCW04020000Z0ED	R1652
CRCW04020000Z0ED	R1651
CRCW04020000Z0ED	R1650
CRCW04020000Z0ED	R1649
CRCW04020000Z0ED	R1648
CRCW04020000Z0ED	R1647
CRCW04020000Z0ED	R1646
CRCW04020000Z0ED	R1645
CRCW04020000Z0ED	R1644
CRCW04020000Z0ED	R1643
CRCW04020000Z0ED	R1642
CRCW04020000Z0ED	R1629
CRCW04020000Z0ED	R1628
CRCW04020000Z0ED	R1627
CRCW04020000Z0ED	R1626
CRCW04020000Z0ED	R1625
CRCW04020000Z0ED	R1624
CRCW04020000Z0ED	R1623
CRCW04020000Z0ED	R1622
CRCW04020000Z0ED	R1621
CRCW04020000Z0ED	R1619
CRCW04020000Z0ED	R1618
CRCW04020000Z0ED	R1616
CRCW04020000Z0ED	R1614
CRCW04020000Z0ED	R1613
CRCW04020000Z0ED	R1611
CRCW04020000Z0ED	R1609
CRCW04020000Z0ED	R1608
CRCW04020000Z0ED	R1606
CRCW04020000Z0ED	R1604
CRCW04020000Z0ED	R1603
CRCW04020000Z0ED	R1597
CRCW04020000Z0ED	R1596
CRCW04020000Z0ED	R1595
CRCW04020000Z0ED	R1594
CRCW04020000Z0ED	R1592
CRCW04020000Z0ED	R1590
CRCW04020000Z0ED	R1588
CRCW04020000Z0ED	R1586
CRCW04020000Z0ED	R1585
CRCW04020000Z0ED	R1584
CRCW04020000Z0ED	R1582
CRCW04020000Z0ED	R1581
CRCW04020000Z0ED	R1580
CRCW04020000Z0ED	R1579
CRCW04020000Z0ED	R1578
CRCW04020000Z0ED	R1576
CRCW04020000Z0ED	R1575
CRCW04020000Z0ED	R1574
CRCW04020000Z0ED	R1573
CRCW04020000Z0ED	R1572
CRCW04020000Z0ED	R1570
CRCW04020000Z0ED	R1569
CRCW04020000Z0ED	R1568
CRCW04020000Z0ED	R1567
CRCW04020000Z0ED	R1566
CRCW04020000Z0ED	R1564
CRCW04020000Z0ED	R1563
CRCW04020000Z0ED	R1562
CRCW04020000Z0ED	R1561
CRCW04020000Z0ED	R1559
CRCW04020000Z0ED	R1557
CRCW04020000Z0ED	R1555
CRCW04020000Z0ED	R1553
CRCW04020000Z0ED	R1552
CRCW04020000Z0ED	R1551
CRCW04020000Z0ED	R1550
CRCW04020000Z0ED	R1549
CRCW04020000Z0ED	R1548
CRCW04020000Z0ED	R1547
CRCW04020000Z0ED	R1546
CRCW04020000Z0ED	R1545
CRCW04020000Z0ED	R1543
CRCW04020000Z0ED	R1542
CRCW04020000Z0ED	R1540
CRCW04020000Z0ED	R1539
CRCW04020000Z0ED	R1537
CRCW04020000Z0ED	R1536
CRCW04020000Z0ED	R1534
CRCW04020000Z0ED	R1533
CRCW04020000Z0ED	R1532
CRCW04020000Z0ED	R1530
CRCW04020000Z0ED	R1529
CRCW04020000Z0ED	R1528
CRCW04020000Z0ED	R1527
CRCW04020000Z0ED	R1525
CRCW04020000Z0ED	R1524
CRCW04020000Z0ED	R1522
CRCW04020000Z0ED	R1521
CRCW04020000Z0ED	R1520
CRCW04020000Z0ED	R1519
CRCW04020000Z0ED	R1517
CRCW04020000Z0ED	R1516
CRCW04020000Z0ED	R1514
CRCW04020000Z0ED	R1513
CRCW04020000Z0ED	R1512
CRCW04020000Z0ED	R1511
CRCW04020000Z0ED	R1509
CRCW04020000Z0ED	R1508
CRCW04020000Z0ED	R1506
CRCW04020000Z0ED	R1505
CRCW04020000Z0ED	R1504
CRCW04020000Z0ED	R1503
CRCW04020000Z0ED	R1489
CRCW04020000Z0ED	R1488
CRCW04020000Z0ED	R1487
CRCW04020000Z0ED	R1486
CRCW04020000Z0ED	R1480
CRCW04020000Z0ED	R1478
CRCW04020000Z0ED	R1476
CRCW04020000Z0ED	R1474
CRCW04020000Z0ED	R1434
CRCW04020000Z0ED	R1433
CRCW04020000Z0ED	R1432
CRCW04020000Z0ED	R1431
CRCW04020000Z0ED	R1430
CRCW04020000Z0ED	R1429
CRCW04020000Z0ED	R1428
CRCW04020000Z0ED	R1427
CRCW04020000Z0ED	R1421
CRCW04020000Z0ED	R1419
CRCW04020000Z0ED	R1418
CRCW04020000Z0ED	R1416
CRCW04020000Z0ED	R1415
CRCW04020000Z0ED	R1413
CRCW04020000Z0ED	R1412
CRCW04020000Z0ED	R1410
CRCW04020000Z0ED	R1379
CRCW04020000Z0ED	R1378
CRCW04020000Z0ED	R1377
CRCW04020000Z0ED	R1376
CRCW04020000Z0ED	R1360
CRCW04020000Z0ED	R1358
CRCW04020000Z0ED	R1356
CRCW04020000Z0ED	R1354
CRCW04020000Z0ED	R1336
CRCW04020000Z0ED	R1335
CRCW04020000Z0ED	R1334
CRCW04020000Z0ED	R1333
CRCW04020000Z0ED	R1332
CRCW04020000Z0ED	R1331
CRCW04020000Z0ED	R1330
CRCW04020000Z0ED	R1329
CRCW04020000Z0ED	R1293
CRCW04020000Z0ED	R1292
CRCW04020000Z0ED	R1291
CRCW04020000Z0ED	R1290
CRCW04020000Z0ED	R1289
CRCW04020000Z0ED	R1288
CRCW04020000Z0ED	R1287
CRCW04020000Z0ED	R1286
CRCW04020000Z0ED	R1278
CRCW04020000Z0ED	R1277
CRCW04020000Z0ED	R1276
CRCW04020000Z0ED	R1275
CRCW04020000Z0ED	R1273
CRCW04020000Z0ED	R1271
CRCW04020000Z0ED	R1269
CRCW04020000Z0ED	R1267
CRCW04020000Z0ED	R1245
CRCW04020000Z0ED	R1244
CRCW04020000Z0ED	R1240
CRCW04020000Z0ED	R1230
CRCW04020000Z0ED	R1228
CRCW04020000Z0ED	R1226
CRCW04020000Z0ED	R1224
CRCW04020000Z0ED	R1217
CRCW04020000Z0ED	R1216
CRCW04020000Z0ED	R1215
CRCW04020000Z0ED	R1214
CRCW04020000Z0ED	R1205
CRCW04020000Z0ED	R1204
CRCW04020000Z0ED	R1203
CRCW04020000Z0ED	R1202
CRCW04020000Z0ED	R1201
CRCW04020000Z0ED	R1200
CRCW04020000Z0ED	R1199
CRCW04020000Z0ED	R1198
CRCW04020000Z0ED	R1176
CRCW04020000Z0ED	R1174
CRCW04020000Z0ED	R1173
CRCW04020000Z0ED	R1171
CRCW04020000Z0ED	R1170
CRCW04020000Z0ED	R1168
CRCW04020000Z0ED	R1167
CRCW04020000Z0ED	R1165
CRCW04020000Z0ED	R1147
CRCW04020000Z0ED	R1145
CRCW04020000Z0ED	R1143
CRCW04020000Z0ED	R1141
CRCW04020000Z0ED	R1130
CRCW04020000Z0ED	R1129
CRCW04020000Z0ED	R1128
CRCW04020000Z0ED	R1127
CRCW04020000Z0ED	R1096
CRCW04020000Z0ED	R1094
CRCW04020000Z0ED	R1093
CRCW04020000Z0ED	R1091
CRCW04020000Z0ED	R1090
CRCW04020000Z0ED	R1088
CRCW04020000Z0ED	R1087
CRCW04020000Z0ED	R1085
CRCW04020000Z0ED	R1079
CRCW04020000Z0ED	R1078
CRCW04020000Z0ED	R1077
CRCW04020000Z0ED	R1076
CRCW04020000Z0ED	R1075
CRCW04020000Z0ED	R1074
CRCW04020000Z0ED	R1073
CRCW04020000Z0ED	R1072
CRCW04020000Z0ED	R1040
CRCW04020000Z0ED	R1038
CRCW04020000Z0ED	R1036
CRCW04020000Z0ED	R1034
CRCW04020000Z0ED	R1024
CRCW04020000Z0ED	R1023
CRCW04020000Z0ED	R1022
CRCW04020000Z0ED	R1021
CRCW04020000Z0ED	R1004
CRCW04020000Z0ED	R1003
CRCW04020000Z0ED	R1002
CRCW04020000Z0ED	R1001
CRCW04020000Z0ED	R999
CRCW04020000Z0ED	R998
CRCW04020000Z0ED	R996
CRCW04020000Z0ED	R995
CRCW04020000Z0ED	R994
CRCW04020000Z0ED	R993
CRCW04020000Z0ED	R991
CRCW04020000Z0ED	R990
CRCW04020000Z0ED	R988
CRCW04020000Z0ED	R987
CRCW04020000Z0ED	R986
CRCW04020000Z0ED	R985
CRCW04020000Z0ED	R983
CRCW04020000Z0ED	R982
CRCW04020000Z0ED	R980
CRCW04020000Z0ED	R979
CRCW04020000Z0ED	R978
CRCW04020000Z0ED	R977
CRCW04020000Z0ED	R975
CRCW04020000Z0ED	R974
CRCW04020000Z0ED	R973
CRCW04020000Z0ED	R971
CRCW04020000Z0ED	R970
CRCW04020000Z0ED	R968
CRCW04020000Z0ED	R967
CRCW04020000Z0ED	R965
CRCW04020000Z0ED	R964
CRCW04020000Z0ED	R962
CRCW04020000Z0ED	R961
CRCW04020000Z0ED	R960
CRCW04020000Z0ED	R959
CRCW04020000Z0ED	R958
CRCW04020000Z0ED	R957
CRCW04020000Z0ED	R956
CRCW04020000Z0ED	R955
CRCW04020000Z0ED	R954
CRCW04020000Z0ED	R952
CRCW04020000Z0ED	R950
CRCW04020000Z0ED	R948
CRCW04020000Z0ED	R946
CRCW04020000Z0ED	R945
CRCW04020000Z0ED	R944
CRCW04020000Z0ED	R943
CRCW04020000Z0ED	R941
CRCW04020000Z0ED	R940
CRCW04020000Z0ED	R939
CRCW04020000Z0ED	R938
CRCW04020000Z0ED	R937
CRCW04020000Z0ED	R935
CRCW04020000Z0ED	R934
CRCW04020000Z0ED	R933
CRCW04020000Z0ED	R932
CRCW04020000Z0ED	R931
CRCW04020000Z0ED	R929
CRCW04020000Z0ED	R928
CRCW04020000Z0ED	R927
CRCW04020000Z0ED	R926
CRCW04020000Z0ED	R925
CRCW04020000Z0ED	R923
CRCW04020000Z0ED	R922
CRCW04020000Z0ED	R921
CRCW04020000Z0ED	R919
CRCW04020000Z0ED	R917
CRCW04020000Z0ED	R915
CRCW04020000Z0ED	R909
CRCW04020000Z0ED	R908
CRCW04020000Z0ED	R907
CRCW04020000Z0ED	R906
CRCW04020000Z0ED	R904
CRCW04020000Z0ED	R903
CRCW04020000Z0ED	R901
CRCW04020000Z0ED	R899
CRCW04020000Z0ED	R898
CRCW04020000Z0ED	R896
CRCW04020000Z0ED	R894
CRCW04020000Z0ED	R893
CRCW04020000Z0ED	R891
CRCW04020000Z0ED	R889
CRCW04020000Z0ED	R888
CRCW04020000Z0ED	R886
CRCW04020000Z0ED	R885
CRCW04020000Z0ED	R884
CRCW04020000Z0ED	R883
CRCW04020000Z0ED	R882
CRCW04020000Z0ED	R881
CRCW04020000Z0ED	R880
CRCW04020000Z0ED	R879
CRCW04020000Z0ED	R878
CRCW04020000Z0ED	R865
CRCW04020000Z0ED	R864
CRCW04020000Z0ED	R863
CRCW04020000Z0ED	R862
CRCW04020000Z0ED	R861
CRCW04020000Z0ED	R860
CRCW04020000Z0ED	R859
CRCW04020000Z0ED	R858
CRCW04020000Z0ED	R857
CRCW04020000Z0ED	R856
CRCW04020000Z0ED	R855
CRCW04020000Z0ED	R854
CRCW04020000Z0ED	R853
CRCW04020000Z0ED	R851
CRCW04020000Z0ED	R850
CRCW04020000Z0ED	R848
CRCW04020000Z0ED	R847
CRCW04020000Z0ED	R845
CRCW04020000Z0ED	R844
CRCW04020000Z0ED	R842
CRCW04020000Z0ED	R837
CRCW04020000Z0ED	R836
CRCW04020000Z0ED	R835
CRCW04020000Z0ED	R834
CRCW04020000Z0ED	R832
CRCW04020000Z0ED	R831
CRCW04020000Z0ED	R830
CRCW04020000Z0ED	R829
CRCW04020000Z0ED	R828
CRCW04020000Z0ED	R827
CRCW04020000Z0ED	R825
CRCW04020000Z0ED	R824
CRCW04020000Z0ED	R823
CRCW04020000Z0ED	R822
CRCW04020000Z0ED	R821
CRCW04020000Z0ED	R820
CRCW04020000Z0ED	R818
CRCW04020000Z0ED	R817
CRCW04020000Z0ED	R816
CRCW04020000Z0ED	R815
CRCW04020000Z0ED	R814
CRCW04020000Z0ED	R813
CRCW04020000Z0ED	R811
CRCW04020000Z0ED	R810
CRCW04020000Z0ED	R166
78614070360	MP16
78614070360	MP15
78614070360	MP14
78614070360	MP13
78614070360	MP12
78614070360	MP11
78614070360	MP10
78614070360	MP9
78614070360	MP8
78614070360	MP7
78614070360	MP6
78614070360	MP5
78614070360	MP4
78614070360	MP3
78614070360	MP2
78614070360	MP1
AD9508SCPZ-EP	U79
C0402C182K5RACAUTO	C281
MCOTS-N-28V-60-QT-N-M	U53
TNPW060326k1BEEA	R407
TNPW060326k1BEEA	R257
netcon	NT1
TPS3808G01MDBVTEP	U133
TPS3808G01MDBVTEP	U116
TPS3808G01MDBVTEP	U115
TPS3808G01MDBVTEP	U114
TPS3808G01MDBVTEP	U108
TPS3808G01MDBVTEP	U107
TPS3808G01MDBVTEP	U74
TPS3808G01MDBVTEP	U73
TPS3808G01MDBVTEP	U47
TPS3808G01MDBVTEP	U46
TPS3808G01MDBVTEP	U39
TPS3808G01MDBVTEP	U37
TRF1208RPVR	U873
TRF1208RPVR	U872
TRF1208RPVR	U871
TRF1208RPVR	U870
TRF1208RPVR	U869
TRF1208RPVR	U868
TRF1208RPVR	U867
TRF1208RPVR	U866
TRF1208RPVR	U865
TRF1208RPVR	U864
TRF1208RPVR	U863
TRF1208RPVR	U862
TRF1208RPVR	U860
TRF1208RPVR	U859
TRF1208RPVR	U858
TRF1208RPVR	U857
TRF1208RPVR	U856
TRF1208RPVR	U855
TRF1208RPVR	U854
TRF1208RPVR	U853
TRF1208RPVR	U852
TRF1208RPVR	U851
TRF1208RPVR	U850
TRF1208RPVR	U849
TRF1208RPVR	U847
TRF1208RPVR	U846
TRF1208RPVR	U845
TRF1208RPVR	U844
TRF1208RPVR	U843
TRF1208RPVR	U842
TRF1208RPVR	U841
TRF1208RPVR	U840
TRF1208RPVR	U836
TRF1208RPVR	U835
TRF1208RPVR	U834
TRF1208RPVR	U833
TRF1208RPVR	U832
TRF1208RPVR	U831
TRF1208RPVR	U830
TRF1208RPVR	U829
TRF1208RPVR	U828
TRF1208RPVR	U827
TRF1208RPVR	U826
TRF1208RPVR	U825
TRF1208RPVR	U824
TRF1208RPVR	U823
TRF1208RPVR	U822
TRF1208RPVR	U821
TRF1208RPVR	U820
TRF1208RPVR	U819
TRF1208RPVR	U818
TRF1208RPVR	U817
TRF1208RPVR	U816
TRF1208RPVR	U815
TRF1208RPVR	U814
TRF1208RPVR	U813
TRF1208RPVR	U812
TRF1208RPVR	U811
TRF1208RPVR	U810
TRF1208RPVR	U809
TRF1208RPVR	U808
TRF1208RPVR	U807
TRF1208RPVR	U806
TRF1208RPVR	U805
0402DF-121XJRW	L90
0402DF-121XJRW	L89
0402DF-121XJRW	L88
0402DF-121XJRW	L87
0402DF-121XJRW	L86
0402DF-121XJRW	L85
0402DF-121XJRW	L84
0402DF-121XJRW	L83
0402DF-121XJRW	L80
0402DF-121XJRW	L79
0402DF-121XJRW	L78
0402DF-121XJRW	L76
0402DF-121XJRW	L75
0402DF-121XJRW	L74
0402DF-121XJRW	L73
0402DF-121XJRW	L72
0402DF-121XJRW	L71
0402DF-121XJRW	L70
0402DF-121XJRW	L69
0402DF-121XJRW	L68
0402DF-121XJRW	L67
0402DF-121XJRW	L65
0402DF-121XJRW	L64
0402DF-121XJRW	L63
0402DF-121XJRW	L62
0402DF-121XJRW	L61
0402DF-121XJRW	L60
0402DF-121XJRW	L59
0402DF-121XJRW	L58
0402DF-121XJRW	L57
0402DF-121XJRW	L56
0402DF-121XJRW	L55
0402DF-121XJRW	L35
0402DF-121XJRW	L34
0402DF-121XJRW	L33
0402DF-121XJRW	L32
0402DF-121XJRW	L31
0402DF-121XJRW	L30
0402DF-121XJRW	L29
0402DF-121XJRW	L28
0402DF-121XJRW	L27
0402DF-121XJRW	L26
0402DF-121XJRW	L25
0402DF-121XJRW	L24
0402DF-121XJRW	L23
0402DF-121XJRW	L22
0402DF-121XJRW	L21
0402DF-121XJRW	L20
0402DF-121XJRW	L19
0402DF-121XJRW	L18
0402DF-121XJRW	L17
0402DF-121XJRW	L16
0402DF-121XJRW	L15
0402DF-121XJRW	L14
0402DF-121XJRW	L13
0402DF-121XJRW	L12
0402DF-121XJRW	L10
0402DF-121XJRW	L9
0402DF-121XJRW	L8
0402DF-121XJRW	L7
0402DF-121XJRW	L5
0402DF-121XJRW	L4
0402DF-121XJRW	L3
0402DF-121XJRW	L2
600L3R3AW200T	C1620
600L3R3AW200T	C1618
600L3R3AW200T	C1616
600L3R3AW200T	C1614
600L3R3AW200T	C1556
600L3R3AW200T	C1554
600L3R3AW200T	C1552
600L3R3AW200T	C1550
600L3R3AW200T	C1544
600L3R3AW200T	C1541
600L3R3AW200T	C1539
600L3R3AW200T	C1525
600L3R3AW200T	C1484
600L3R3AW200T	C1482
600L3R3AW200T	C1479
600L3R3AW200T	C1477
600L3R3AW200T	C1415
600L3R3AW200T	C1412
600L3R3AW200T	C1408
600L3R3AW200T	C1405
600L3R3AW200T	C1399
600L3R3AW200T	C1397
600L3R3AW200T	C1395
600L3R3AW200T	C1393
600L3R3AW200T	C1350
600L3R3AW200T	C1344
600L3R3AW200T	C1339
600L3R3AW200T	C1334
600L3R3AW200T	C1285
600L3R3AW200T	C1283
600L3R3AW200T	C1281
600L3R3AW200T	C1279
600L3R3AW200T	C1182
600L3R3AW200T	C1180
600L3R3AW200T	C1178
600L3R3AW200T	C1176
600L3R3AW200T	C1143
600L3R3AW200T	C1137
600L3R3AW200T	C1132
600L3R3AW200T	C1127
600L3R3AW200T	C1097
600L3R3AW200T	C1095
600L3R3AW200T	C1093
600L3R3AW200T	C1091
600L3R3AW200T	C1089
600L3R3AW200T	C1086
600L3R3AW200T	C1082
600L3R3AW200T	C1079
600L3R3AW200T	C1034
600L3R3AW200T	C1032
600L3R3AW200T	C1029
600L3R3AW200T	C1027
600L3R3AW200T	C1000
600L3R3AW200T	C989
600L3R3AW200T	C969
600L3R3AW200T	C966
600L3R3AW200T	C957
600L3R3AW200T	C955
600L3R3AW200T	C953
600L3R3AW200T	C951
600L3R3AW200T	C883
600L3R3AW200T	C881
600L3R3AW200T	C879
600L3R3AW200T	C877
600L100FW200	C1653
600L100FW200	C1651
600L100FW200	C1650
600L100FW200	C1648
600L100FW200	C1647
600L100FW200	C1645
600L100FW200	C1644
600L100FW200	C1642
600L100FW200	C1589
600L100FW200	C1587
600L100FW200	C1586
600L100FW200	C1584
600L100FW200	C1583
600L100FW200	C1581
600L100FW200	C1580
600L100FW200	C1578
600L100FW200	C1546
600L100FW200	C1531
600L100FW200	C1527
600L100FW200	C1526
600L100FW200	C1521
600L100FW200	C1520
600L100FW200	C1516
600L100FW200	C1515
600L100FW200	C1485
600L100FW200	C1481
600L100FW200	C1471
600L100FW200	C1469
600L100FW200	C1468
600L100FW200	C1466
600L100FW200	C1465
600L100FW200	C1463
600L100FW200	C1462
600L100FW200	C1460
600L100FW200	C1459
600L100FW200	C1455
600L100FW200	C1454
600L100FW200	C1450
600L100FW200	C1446
600L100FW200	C1445
600L100FW200	C1417
600L100FW200	C1416
600L100FW200	C1414
600L100FW200	C1409
600L100FW200	C1407
600L100FW200	C1389
600L100FW200	C1387
600L100FW200	C1383
600L100FW200	C1352
600L100FW200	C1351
600L100FW200	C1346
600L100FW200	C1341
600L100FW200	C1340
600L100FW200	C1335
600L100FW200	C1321
600L100FW200	C1319
600L100FW200	C1318
600L100FW200	C1316
600L100FW200	C1315
600L100FW200	C1313
600L100FW200	C1312
600L100FW200	C1310
600L100FW200	C1309
600L100FW200	C1307
600L100FW200	C1161
600L100FW200	C1159
600L100FW200	C1157
600L100FW200	C1155
600L100FW200	C1154
600L100FW200	C1152
600L100FW200	C1151
600L100FW200	C1149
600L100FW200	C1148
600L100FW200	C1146
600L100FW200	C1141
600L100FW200	C1136
600L100FW200	C1135
600L100FW200	C1130
600L100FW200	C1126
600L100FW200	C1125
600L100FW200	C1107
600L100FW200	C1103
600L100FW200	C1101
600L100FW200	C1087
600L100FW200	C1085
600L100FW200	C1080
600L100FW200	C1078
600L100FW200	C1077
600L100FW200	C1063
600L100FW200	C1062
600L100FW200	C1058
600L100FW200	C1054
600L100FW200	C1053
600L100FW200	C1049
600L100FW200	C1048
600L100FW200	C1046
600L100FW200	C1045
600L100FW200	C1043
600L100FW200	C1042
600L100FW200	C1040
600L100FW200	C1039
600L100FW200	C1037
600L100FW200	C1030
600L100FW200	C1025
600L100FW200	C999
600L100FW200	C998
600L100FW200	C994
600L100FW200	C993
600L100FW200	C988
600L100FW200	C987
600L100FW200	C983
600L100FW200	C964
600L100FW200	C920
600L100FW200	C918
600L100FW200	C917
600L100FW200	C915
600L100FW200	C914
600L100FW200	C912
600L100FW200	C911
600L100FW200	C909
600L100FW200	C849
600L100FW200	C847
600L100FW200	C846
600L100FW200	C844
600L100FW200	C843
600L100FW200	C841
600L100FW200	C840
600L100FW200	C838
600L1R0AW200T	C1679
600L1R0AW200T	C1678
600L1R0AW200T	C1677
600L1R0AW200T	C1676
600L1R0AW200T	C1601
600L1R0AW200T	C1600
600L1R0AW200T	C1599
600L1R0AW200T	C1598
600L1R0AW200T	C1533
600L1R0AW200T	C1529
600L1R0AW200T	C1523
600L1R0AW200T	C1518
600L1R0AW200T	C1503
600L1R0AW200T	C1502
600L1R0AW200T	C1501
600L1R0AW200T	C1500
600L1R0AW200T	C1487
600L1R0AW200T	C1457
600L1R0AW200T	C1452
600L1R0AW200T	C1448
600L1R0AW200T	C1419
600L1R0AW200T	C1411
600L1R0AW200T	C1391
600L1R0AW200T	C1385
600L1R0AW200T	C1377
600L1R0AW200T	C1376
600L1R0AW200T	C1375
600L1R0AW200T	C1374
600L1R0AW200T	C1354
600L1R0AW200T	C1348
600L1R0AW200T	C1343
600L1R0AW200T	C1337
600L1R0AW200T	C1139
600L1R0AW200T	C1133
600L1R0AW200T	C1128
600L1R0AW200T	C1123
600L1R0AW200T	C1112
600L1R0AW200T	C1111
600L1R0AW200T	C1110
600L1R0AW200T	C1109
600L1R0AW200T	C1105
600L1R0AW200T	C1099
600L1R0AW200T	C1083
600L1R0AW200T	C1075
600L1R0AW200T	C1060
600L1R0AW200T	C1056
600L1R0AW200T	C1051
600L1R0AW200T	C1023
600L1R0AW200T	C1014
600L1R0AW200T	C1013
600L1R0AW200T	C1012
600L1R0AW200T	C1011
600L1R0AW200T	C996
600L1R0AW200T	C991
600L1R0AW200T	C985
600L1R0AW200T	C981
600L1R0AW200T	C900
600L1R0AW200T	C899
600L1R0AW200T	C898
600L1R0AW200T	C897
600L1R0AW200T	C815
600L1R0AW200T	C814
600L1R0AW200T	C813
600L1R0AW200T	C812
600L1R5AW200T	C1652
600L1R5AW200T	C1649
600L1R5AW200T	C1646
600L1R5AW200T	C1643
600L1R5AW200T	C1588
600L1R5AW200T	C1585
600L1R5AW200T	C1582
600L1R5AW200T	C1579
600L1R5AW200T	C1532
600L1R5AW200T	C1528
600L1R5AW200T	C1522
600L1R5AW200T	C1517
600L1R5AW200T	C1486
600L1R5AW200T	C1470
600L1R5AW200T	C1467
600L1R5AW200T	C1464
600L1R5AW200T	C1461
600L1R5AW200T	C1456
600L1R5AW200T	C1451
600L1R5AW200T	C1447
600L1R5AW200T	C1418
600L1R5AW200T	C1410
600L1R5AW200T	C1390
600L1R5AW200T	C1384
600L1R5AW200T	C1353
600L1R5AW200T	C1347
600L1R5AW200T	C1342
600L1R5AW200T	C1336
600L1R5AW200T	C1320
600L1R5AW200T	C1317
600L1R5AW200T	C1314
600L1R5AW200T	C1311
600L1R5AW200T	C1156
600L1R5AW200T	C1153
600L1R5AW200T	C1150
600L1R5AW200T	C1147
600L1R5AW200T	C1140
600L1R5AW200T	C1134
600L1R5AW200T	C1129
600L1R5AW200T	C1124
600L1R5AW200T	C1106
600L1R5AW200T	C1100
600L1R5AW200T	C1084
600L1R5AW200T	C1076
600L1R5AW200T	C1061
600L1R5AW200T	C1057
600L1R5AW200T	C1052
600L1R5AW200T	C1047
600L1R5AW200T	C1044
600L1R5AW200T	C1041
600L1R5AW200T	C1038
600L1R5AW200T	C1024
600L1R5AW200T	C997
600L1R5AW200T	C992
600L1R5AW200T	C986
600L1R5AW200T	C982
600L1R5AW200T	C919
600L1R5AW200T	C916
600L1R5AW200T	C913
600L1R5AW200T	C910
600L1R5AW200T	C848
600L1R5AW200T	C845
600L1R5AW200T	C842
600L1R5AW200T	C839
C0603C479C3GACAUTO	C1245
C0603C479C3GACAUTO	C660
TNPW060314K0BETA	R321
TNPW060314K0BETA	R208
TNPW060314K0BETA	R101
XGL4020-471MSC	L92
XGL4020-471MSC	L91
XGL4020-471MSC	L53
XGL4020-471MSC	L47
XGL4020-471MSC	L39
XGL4020-471MSC	L36
C0603C102JAGACAUTO	C1475
C0603C102JAGACAUTO	C1333
C0603C102JAGACAUTO	C806
C0603C102JAGACAUTO	C550
C0603C102JAGACAUTO	C501
C0603C102JAGACAUTO	C437
C0603C102JAGACAUTO	C176
C0603C102JAGACAUTO	C9
C0603C221JAGACAUTO	C1686
C0603C221JAGACAUTO	C1264
C0603C221JAGACAUTO	C1244
C0603C221JAGACAUTO	C1208
C0603C221JAGACAUTO	C1202
C0603C221JAGACAUTO	C1200
C0603C221JAGACAUTO	C1193
C0603C221JAGACAUTO	C733
C0603C221JAGACAUTO	C732
C0603C221JAGACAUTO	C731
C0603C221JAGACAUTO	C705
C0603C221JAGACAUTO	C680
C0603C221JAGACAUTO	C678
C0603C221JAGACAUTO	C639
C0603C221JAGACAUTO	C637
C0603C221JAGACAUTO	C274
C0603C221JAGACAUTO	C229
C0603C221JAGACAUTO	C225
C0603C331JAGACAUTO	C703
C0603C331JAGACAUTO	C232
C0603C331JAGACAUTO	C220
C0603C330J5GACAUTO	C1232
C0603C150J5GACAUTO	C1267
TNPW0603898RBEE	R444
BVSS138LT1G	Q802
BVSS138LT1G	Q801
BVSS138LT1G	Q800
TNPW0603187RBET	R443
TNPW0603187RBET	R351
TNPW0603187RBET	R271
TNPW0603187RBET	R97
CRCW0603100KFKT	R454
CRCW0603100KFKT	R442
CRCW0603100KFKT	R434
CRCW0603100KFKT	R352
CRCW0603100KFKT	R342
CRCW0603100KFKT	R316
CRCW0603100KFKT	R158
CRCW0603100KFKT	R151
CRCW0603100KFKT	R133
CRCW0603100KFKT	R103
CRCW0603100KFKT	R86
CRCW060375R0FKT	R1728
CRCW060375R0FKT	R1727
CRCW060375R0FKT	R1726
CRCW060375R0FKT	R1725
C0805C225J4RACAUTO	C1304
C0805C225J4RACAUTO	C1218
C0805C225J4RACAUTO	C1215
C0805C225J4RACAUTO	C1036
C0805C225J4RACAUTO	C1035
C0805C225J4RACAUTO	C690
C0805C225J4RACAUTO	C364
C0805C225J4RACAUTO	C215
C0805C225J4RACAUTO	C208
C0805C474J4RACAUTO	C1440
C0805C474J4RACAUTO	C866
C0805C474J4RACAUTO	C865
C0805C474J4RACAUTO	C859
C0805C474J4RACAUTO	C330
C0805C474J4RACAUTO	C329
C0805C474J4RACAUTO	C47
XGL6060-103MS	L865
XGL6060-103MS	L44
TNPW060317K4BETA	R320
TNPW060317K4BETA	R5
CRCW06031K80FKEA	R277
CRCW06031K80FKEA	R276
CRCW06031K80FKEA	R1
CRCW06031R00FKT	R1441
CRCW06031R00FKT	R1338
CRCW06031R00FKT	R809
CRCW06031R00FKT	R371
CRCW06031R00FKT	R362
CRCW06031R00FKT	R27
CRCW06031R00FKT	R9
CRCW06031R00FKT	R6
CRCW0603820RFKE	R291
CRCW0603820RFKE	R287
CRCW0603820RFKE	R274
CRCW0603820RFKE	R273
CRCW06038K25FK	R290
C0603C333J5RACAUTO	C233
C0603C333J5RACAUTO	C221
12103C106K4Z2A	C1549
12103C106K4Z2A	C1513
12103C106K4Z2A	C1404
12103C106K4Z2A	C1305
12103C106K4Z2A	C1251
12103C106K4Z2A	C1249
12103C106K4Z2A	C811
12103C106K4Z2A	C808
12103C106K4Z2A	C656
12103C106K4Z2A	C555
12103C106K4Z2A	C523
12103C106K4Z2A	C488
12103C106K4Z2A	C464
12103C106K4Z2A	C438
12103C106K4Z2A	C325
12103C106K4Z2A	C324
12103C106K4Z2A	C318
12103C106K4Z2A	C317
12103C106K4Z2A	C210
12103C106K4Z2A	C202
12103C106K4Z2A	C17
12103C106K4Z2A	C11
TNPW06034K48BEE	R272
TNPW060337K4BEEA	R170
TNPW060318K7BETA	R529
TNPW060318K7BETA	R256
TNPW06035K49BEEA	R1400
TNPW06035K49BEEA	R1322
TNPW06035K49BEEA	R808
TNPW06035K49BEEA	R372
TNPW06035K49BEEA	R367
TNPW06035K49BEEA	R207
TNPW06035K49BEEA	R26
XGL4030-401MS	L800
XGL4030-401MS	L1
XGL6030-682MS	L93
XGL6030-682MS	L52
XGL6030-682MS	L38
XGL6030-682MS	L37
C0603C470JAGACAUTO	C1690
C0603C470JAGACAUTO	C1263
C0603C470JAGACAUTO	C1210
C0603C470JAGACAUTO	C1204
C0603C470JAGACAUTO	C1166
TNPW060375K0BEEA	R453
TNPW060375K0BEEA	R317
TNPW060375K0BEEA	R157
TNPW060375K0BEEA	R150
NVMFS5C673NL	Q12
NVMFS5C673NL	Q11
NVMFS5C673NL	Q10
NVMFS5C673NL	Q9
NVMFS5C673NL	Q8
NVMFS5C673NL	Q7
NVMFS5C673NL	Q6
NVMFS5C673NL	Q5
CRCW06032R00FKTA	R1705
CRCW06032R00FKTA	R1259
CRCW06032R00FKTA	R1239
CRCW06032R00FKTA	R1238
CRCW06032R00FKTA	R431
CRCW06032R00FKTA	R328
CRCW06032R00FKTA	R154
CRCW06032R00FKTA	R147
TNPW06034K32BET	R452
TNPW06034K32BET	R318
TNPW06034K32BET	R156
TNPW06034K32BET	R149
C0603C681J5GACAUTO	C1687
TNPW0603162KBETA	R467
TNPW0603162KBETA	R409
TNPW0603162KBETA	R332
TNPW0603162KBETA	R254
TNPW0603162KBETA	R205
TNPW0603162KBETA	R106
TNPW06032K21BEEA	R1704
C0603C222J5GACAUTO	C1265
C0603C332J5GACAUTO	C1681
<img width="293" height="32766" alt="image" src="https://github.com/user-attachments/assets/67aa2b49-3e83-4119-b9c4-7c36643bae92" />
